skill,category,aliases
3d modelling,esco,"3d designing, 3d graphics, 3d modeling, 3d rendering, 3d representation, three-dimensional modelling"
a/b testing,concept,ab testing
abap,esco,"abap programming techniques, abap software development, abap software techniques"
abbyy finereader,esco,"abbyy finereader pdf software, ocr software"
access to documents regulations,esco,"document accessibility regulation, legislative framework on access to documents, public access to documents policies, public access to documents principles, regulatory framework of documents accessibility"
act discreetly,esco,"acting discreetly, behave discreetly, comport oneself discreetly, conduct oneself discreetly, perform discreetly"
adapt sets,esco,"adapting sets, adjust sets, convert sets, remodel sets"
add computer components,esco,"add a computer component, adding computer components, affix computer components, append computer components, boost computer components, computer component addition, supplement computer components"
adjust engineering designs,esco,"adjust building designs, adjust construction designs, adjust desings for engineering, adjust engineering models, adjust engineering schemes, adjust manufacturing designs"
adjust ict system capacity,esco,adjust ict network capacity
adjust jewellery,esco,"adjust jewelry, adjusting jewellery, remodel jewellery, rework jewellery"
administer hydrotherapy,esco,"administer hydrotherapies, formulate plans on hydrotherapy treatment, provide hydrotherapy"
administer ict system,esco,"administer network and system, administer system, operate system"
adobe photoshop lightroom,esco,"adobe photoshop lightroom for 2d raster generation, adobe photoshop lightroom for 2d raster graphics generation, adobe photoshop lightroom for 2d vector graphics creation, adobe photoshop lightroom for 2d vector graphics generation, adobe photoshop lightroom for digital editing, adobe photoshop lightroom graphical ict tool"
advise customers on type of computer equipment,esco,"advise a customers on a type of computer equipment, advise customers on types of computer equipment, advising customers on a type of computer equipment, commend customers on type of computer equipment, help customers on type of computer equipment, instruct customers on type of computer equipment, recommend customers on type of computer equipment, suggest customers on type of computer equipment"
agile,methodology,agile methodology
agile development,esco,"agile development environment, agile development framework, agile frameworks, agile scrum development framework, agile software development, agile software development methods, agile software development practices, agile software environment"
agile project management,esco,agile management software
air transport law,esco,"air transport laws, air transport legislation, air transportation law, air transportation laws, air transportation legislation, aviation law, aviation legislation, aviation regulation, legislation governing aviation, legislation in air transport, legislation in aviation, regulation in aviation"
aircrack,esco,aircrack
airflow,devops,apache airflow
airport environmental regulations,esco,"air travel environmental regulations, airport environment regulations, airport environmental codes, airport environmental laws, environmental policies in airports, environmental regulations at airports, environmental safeguarding policies for airports, environmental standards in airports"
airport planning,esco,"airport operational planning, airport programming, airport scheduling activities', airport strategic planning, planning for airport activities, planning for airport operations, programming for airports, scheduling and planning activities in airports"
ajax,esco,"ajax software, ajax techniques, ajax technology"
ajax framework,esco,"ajax development environments, ajax framework components, ajax framework features, ajax framework features for web applications development, ajax framework features for web development, ajax framework for web application development, ajax framework for web applications development, ajax software development environments"
algorithms,concept,"algorithm, algorithmic, formulae, formulas"
align software with system architectures,esco,"coordinate software with architectural structures, harmonise software with system architectures, integrate software into system frameworks"
analog electronics theory,esco,"analog electronic circuits theory, analog electronics basics, analog electronics principles, analog electronics theoretical framework, analogue circuits theory"
analyse big data,esco,"analysing big data, analyze big data, big data analysing, big data analysis, investigate big data, scrutinise big data, search big data, test big data"
analyse business model,esco,"define models for business, evaluate business models, understand business model"
analyse chemical substances,esco,"analysing chemical substances, analyze chemical substances, chemical substance analysing, chemical substance testing, chemical substances analysing, chemical substances testing, test chemical substances, testing chemical substances"
analyse clothing 3d prototypes,esco,"adjust the 3d prototype, evaluate clothing 3d models, examine 3d garment prototypes, screen the 3d prototype, study 3d clothing prototypes"
analyse data about clients,esco,"analyse client data, analyse clients interests, analyse customer interests, analyse data about customers, analyse data about guests, analyse data about visitors, analyse data on clients, analyse guests interests, analyze data about clients, undertake customer analysis"
analyse data for aeronautical publications,esco,"analyse civil aviation authority data for incorporation into aeronautical publications, analyse data for aviation publications, analyze data for aeronautical publications, assess data for aeronautical publications, assess data for aviation publications, collect edit and analyse data for incorporation into aeronautical publications, conduct aeronautical data analysis for incorporation into aeronautical publications, create aeronautical publication amendments through data analysis, develop aeronautical publication amendments through data analysis, evaluate data for aeronautical publications, evaluate data for aviation publications"
analyse data for policy decisions in trade,esco,"analyse data for a policy decision in trade, analysing data for policy decisions in trade, analysis of data for policy decisions in trade, analyze data for policy decisions in trade, investigate data for policy decisions in trade, scrutinise data for policy decisions in trade, search data for policy decisions in trade, test data for policy decisions in trade"
analyse ecological data,esco,"analyse data on ecology, analysing ecological data, analyze ecological data, examine ecological data, interpret ecological and biological data"
analyse energy market trends,esco,"analysing energy market data, analysing energy market trends, analyze energy market trends, energy market data analysing, energy market trend analysing, energy market trends analysing"
analyse environmental data,esco,"analysing environmental data, analyze environmental data, evaluate environmental data, examine environmental data, inspect environmental data, review environmental data, survey environmental data"
analyse experimental laboratory data,esco,"analyze experimental laboratory data, examine experimental laboratory data, interpret experimental laboratory data, interpret results of laboratory experiments"
analyse gambling data,esco,"analyse betting data, analyse data on gambles, analyse data on gambling, analyse lottery data, analyze gambling data"
analyse large-scale data in healthcare,esco,"analyse big data in healthcare, analyse large-scale data in health care, analyse statistic in healthcare, analyse statistics in healthcare, analyze large-scale data in healthcare, assay large-scale data in healthcare, carry out large-scale data in healthcare, evaluate large-scale data in healthcare, examine large-scale data in healthcare, interpret large-scale data in healthcare"
analyse network bandwidth requirements,esco,"analyze network bandwidth requirements, assess network bandwidth requirements, measure network bandwidth requirements"
analyse network configuration and performance,esco,"analyse performance characteristics of ict networks, assess network setup and performance, assess network structure, evaluate network setup and efficiency, examine network configuration and effectiveness"
analyse oil operations data,esco,"analysing data for oil operations, analysing oil operations data, analysis of oil operations data, analyze oil operations data, data analysis for oil operations, data recording for oil operations, oil operations data analysis, oil operations data recording, record oil operations data, recording data about oil operations, recording of oil operations data, recording oil operations data"
analyse pipeline database information,esco,"analyse information in pipeline databases, analyze pipeline database information, assess information in pipeline databases, assess pipeline database information, conduct analysis on pipeline database information, evaluate information in pipeline databases, evaluate pipeline database information, perform analysis on pipeline database information, retrieve and analyse information from pipeline company database, retrieve and assess information from pipeline company database"
analyse scanned data of the body,esco,"analyse 3d scanner body data, analyse 3d scanner data of the body, analyse scanned body data, analyze scanned data of the body, examine and use scanned body data, examine and use scanned data of the body, examine scanned body data, examine scanned data of the body, use 3d scanned data for computer-aided visualisation, use 3d scanned data for computer-aided visualization"
analyse scientific data,esco,"analyse science data, analysing scientific data, analyze scientific data, examine scientific data, review scientific data, scrutinize, study scientific data, survey scientific data"
analyse software specifications,esco,"analyse software or system specifications, assess software specifications, assess software systems, evaluate software design specification, examine software requirements"
analyse test data,esco,"analysing test data, analyze test data, analyzing test data, assess test data, evaluate test data, examine test data"
analyse transport business networks,esco,"analyse networks of transport businesses, analyse networks of transportation businesses, analyse transportation business networks, analyze transport business networks, carry out evaluations of transport business networks, conduct assessments of transport business networks, conduct transport business network analysis, evaluate transport business networks, evaluate transportation business networks, make assessments of transportation business activities, perform analyses of transport business networks"
analytical skills,soft skill,
angular,esco,"angular related algorithms, angular techniques and principles, coding in angular, programming paradigms in angular, testing in angular"
animal therapy,esco,"animal therapies, involvement of animals in treatment, therapy involving an animal, therapy involving animals"
animal welfare legislation,esco,"animal health and welfare legislation, animal welfare laws, legislation on animal welfare, legislation when working with animals"
anomaly detection,concept,
anti-dumping law,esco,"anti-dumping law making, anti-dumping laws, anti-dumping legislation, anti-dumping regulation, anti-dumping rules, anti-dumping statutes"
anticipate potential deficiencies,esco,"anticipate potential flaws, anticipate potential issues, anticipate potential shortcomings, anticipate potential weaknesses, anticipate problems, foresee deficiencies, foresee potential flaws, predict potential deficiencies, predict problems, predict shortcomings"
api development,tool,
apl,esco,apl programming paradigms
application usability,esco,software usability
apply 3d imaging techniques,esco,"apply curve modelling, apply digital scuplting, create 3d vector graphics, edit point clouds, implement 3d imaging techniques"
apply aromatherapy,esco,"apply aroma therapy, apply aroma-therapy, apply aromatherapies, carry out aroma therapy, carry out aromatherapy, offer aromatherapy, use aroma therapy, use aromatherapy"
apply basic programming skills,esco,"use basic coding skills, use basic programming language skills, use query languages"
apply control process statistical methods,esco,"administer control process statistical methods, apply a control process statistical methodology, apply control process statistical methodology, apply control processing statistical method, employ control process statistical methods, implement control process statistical methods, utilise control process statistical methods"
apply credit stress testing methodologies,esco,"administer credit stress testing methodologies, application of credit stress testing methodologies, apply a credit stress testing methodology, applying credit stress testing methodologies, employ credit stress testing methodologies, implement credit stress testing methodologies, utilise credit stress testing methodologies"
apply digital mapping,esco,"applying digital mapping, employ digital mapping, engage in digital mapping, use digital mapping"
apply digital security measures,esco,"implement digital security measures, protect digital devices, protect ict devices, protect personal data, remove viruses and malware from a computer, up-date online security measures, use anti-virus software"
apply flame handling regulations,esco,"apply flame handling laws, apply flame handling ordinances, apply flame handling rules, apply flame handling statutes, applying flame handling regulations"
apply ict system usage policies,esco,"administer ict system usage policies, follow ethical standards for ict system usage, follow written laws for ict system usage, handle ict system usage policies, implement ict system usage policies"
apply information security policies,esco,"apply data protection, comply with data protection regulations, data protection regulations, data security, ensure cia, ensure confidentiality principles, information security policy, protect data, protect information, secure data"
apply sport games rules,esco,"apply rules and laws during the sport competition, apply rules to sport games, apply sport rules to games, implement rules to sport competitions"
apply statistical analysis techniques,esco,"apply jmp statistical analysis techniques, apply minitab statistical analysis techniques, apply numerical analysis to data"
apply systemic therapy,esco,"apply a systemic therapeutical approach, apply systemic therapies, carry out systemic therapy, conduct systemic therapy, use a systemic therapy approach"
apply tramway regulations,esco,"abide to regulations governing operation of trams, apply legal regulations for tramway operations, apply tram network regulations, comply with regulations applied to tramways, comply with regulations governing tram network, follow legal requirements of tramway operations, follow tram line regulations, understand tram grid regulations"
approve engineering design,esco,"approve an engineering design, approve engineering designs, approving an engineering design, arrange engineering design, develop engineering design, model engineering design, produce engineering design"
aquaculture production planning software,esco,"kinds of aquaculture production planning software, kinds of fish farming software, range of aquaculture production planning software, range of fish farming software, types of aquaculture production planning software, types of fish farming software, typology of aquaculture production planning software, typology of fish farming software"
architecture regulations,esco,"architecture laws, architecture norms, architecture regulation, architecture requirements, architecture standards"
archive healthcare users' records,esco,"archive health data of healthcare users, archive health records of healthcare users, archive healthcare users' data, store health records of healthcare users, store healthcare users' records"
arrange surgery operating site,esco,"ensure adequate visualisation of the operating room, ensure adequate visualisation of the operating site, ensure proper visualisation of operating sites, ensure proper visualization of operating site, ensure proper visualization of operating sites, ensure proper visualization of the operating site, provide proper visualisation of the operating site"
artificial neural networks,esco,"ann, artificial neural nets, neural nets, neural networks, nn"
asp.net,esco,asp.net framework
assemble hardware components,esco,"assembling computer components, assembling computer hardware, computer components assembling, computer hardware assembling"
assembly,esco,"assembly, assembly algorithms, assembly computer programming paradigms, assembly software development principles, assembly software development techniques"
assess data collected to improve community arts programme,esco,"analyse data collected to improve community arts programme, assess data collected to improve community art programme, assess data collected to improve community arts programmes, assess data to improve community arts programme, assessing sustainability data collected to improve community arts programme, interpret data collected to improve community arts programme"
assess music therapy sessions,esco,"analyse assessment data of music therapy sessions, analyse music therapy sessions, assess a music therapy session, assess sessions of music therapy, evaluate a music therapy session, evaluate music therapy sessions"
assess reliability of data,esco,"assess data reliability, assessing reliability of data, determine reliability of data, estimate reliability of data, evaluate reliability of data"
assess stability of vessels,esco,"analyse longitudinal and transversal stability of vessels, analyse transversal and longitudinal stability of ships, analyse transversal and longitudinal stability of vessels, assess ship stability, assess stability of ships, assess vessel stability, evaluate ship stability, evaluate stability of ships, evaluate stability of vessels, evaluate vessel stability, make assessments of ship stability, make assessments of vessel stability"
assist physiotherapists,esco,"assist a physiotherapist, assist physio-therapist, assist physio-therapists, assist physiotherapists' client management, support a physiotherapist, support physio-therapists, support physiotherapists"
assistive technology in education,esco,"assistive technology for learning purposes, digital devices for learning support, digital equipment for learning support, digital mainstream technologies for inclusive education, learning assistance technology"
attack vectors,esco,"cybersecurity threats, ict security threats, information security threats"
attend gaming tests,esco,"attend game testing, attend tests for gaming, be present for online game testing, participate in live gaming tests"
audio editing software,esco,"audio edit software, audio editing plugin, audio editing program"
audio technology,esco,"audio equipment, audio software, audio techniques, audio technologies"
audiometry,esco,"diagnosing hearing impairment through audiometry, measuring hearing acuity, testing of a person's ability to hear sound frequencies"
authentication,concept,
authoring software,esco,
authorization,concept,
aws,cloud,amazon web services
azure,cloud,microsoft azure
backbox,esco,backbox
balance database resources,esco,stabilise database resources
bash,programming,shell scripting
battery testers,esco,"battery meter, battery meter types, battery module testing, battery tester types, meters for batteries, range of battery meters, range of battery testers, testers for batteries, types of battery meters, types of battery testers, typology of battery meters, typology of battery testers"
be a role model in community arts,esco,"act as a role model in community arts, be a community arts' role model, be a person who is looked up to in the community arts"
beautifulsoup,library,bs4
betting legislation,esco,"betting laws, gambling laws, gambling legislation, wagering legislation"
big data,concept,
biometrics,esco,"biometry, biostatistics"
biostatistics,esco,"biology-related statistics, methods of biostatistics, study of biostatistics"
blackarch,esco,blackarch testing tool
blockchain signature schemes,esco,"digital signature schemes, signature schemes for blockchain"
blockchain-based business models,esco,models for blockchain-based business
blockchain-based services regulation,esco,"legal guidance for blockchain, legal regulations for blockchain, regulatory framework for blockchain"
blow moulding,esco,"blow fashioning, blow molding, blow moulds, blow sculpting, blow shaping"
"browse, search and filter data, information and digital content",esco,"and filter information and digital content, browse, search"
build a network of suppliers in tourism,esco,"build a network of contacts with suppliers of tourist services, build contact network with suppliers of tourist services, build network with tourist service suppliers, create network of tourist services' suppliers, establish network of contacts with providers of tourist services"
build a product's physical model,esco,"assemble a product's physical model, build a physical model of the product, build a physical representation of the product, build products' phisical models, construct a product's physical representation, create a physical representation of the product, create a product's physical model, develop a product's physical model, make a physical model of the product"
build a strategic marketing plan for destination management,esco,"build a marketing strategy plan for destination management, build a strategic marketing plan to manage destinations, create a business framework for a tourist destination, create a strategic marketing business plan"
build bodies for vehicles,esco,"assemble framework sections, build framework sections, construct framework sections, fabricate framework sections, manufacture a framework section, manufacture framework sections, manufacturing a framework sections, manufacturing framework sections"
build contacts to maintain news flow,esco,"building contacts to maintain news flow, correspond with new contacts to maintain news flow, maintain news flow by building contacts, network with new contacts to maintain news flow"
build jewellery models,esco,"build jewellery model, build jewelry models, build models of jewellery, building jewellery models, construct jewellery models, create jewellery models, make jewellery models"
build networks,esco,"building effective relationships, create networks, establish contacts, liaise with others, maintain contact with others, maintain networks, make contacts, show ability to network"
build predictive models,esco,"assemble predictive models, build a predictive model, building a predictive model, building predictive models, construct predictive models, devise predictive models, produce predictive models"
building codes,esco,"building laws, building regulations, building rules, building standards, construction codes, construction laws, construction regulations, construction rules, construction standards"
building information modelling,esco,"bim, building information modelling"
business analytics,esco,business data analytics
business ict systems,esco,business it systems
business intelligence,esco,"bi, business analytics, business intelligence tools"
business law,esco,"business laws, business legislation, business norms, business regulation, the law of business"
business process modelling,esco,"bpmn, business process modeling, process modelling"
c++,programming,"c++ framework, c++ software, cpp"
ca datacom/db,esco,"ca datacom, ca-datacom/db, datacom/db"
cad for footwear,esco,"2d cad for footwear, 2d computer-aided design for footwear, 3d and 2d cad for footwear, 3d cad for footwear, 3d computer-aided design for footwear, computer-aided design for footwear, footwear 2d cad, footwear 3d cad, footwear cad, footwear computer-aided design"
cad for garment manufacturing,esco,"cad for clothing manufacturing, cad for garments, cad wearing apparel for manufacturing, computer-aided design for clothing manufacturing, computer-aided design for garments manufacturing, computer-aided design for wearing apparel manufacturing, manufacturing of garments with cad"
cad software,esco,"cad software for design, cad software for modelling, cad software for simulation, cadd software, computer assisted design, software computer assisted design and drafting software"
cadd software,esco,"cadd software specifications and operations, cadd softwares, computer-aided design and drafting software"
cae software,esco,"cae software tools, computer-aided engineering software, computer-aided engineering softwares"
cain and abel,esco,"cain and abel, cain and abel password recovery tool, cain and abel penetration testing software, cain and abel penetration testing tool, cain and abel software for penetration testing"
calculate exposure to radiation,esco,"calculate radiation data, calculate radiation exposure, calculate radiation-exposure"
cam software,esco,"computer aided manufacturing software, computer-aided manufacturing software, nc manufacturing software, numeric control manufacturing software"
cameras,esco,"digital camera, film camera, kinds of camera, sorts of camera, types of camera, typology of cameras, video camera"
canvas,esco,"canvas, canvas e-learning platform, canvas e-learning tool, canvas network, canvas platform"
capital goods industry,esco,capital equipment industry
captioning software,esco,"caption software, captioning plugin, captioning program"
capture one,esco,"capture one computer programme, capture one software"
carry out chimney pressure testing,esco,"carry out chimney pressure tests, carry out testing of chimney pressure, carrying out chimney pressure testing, check chimney pressure, perform chimney pressure testing, test chimney pressure"
carry out flow cytometry,esco,"carry out flow-cytometry, interpret data from flow cytometry, perform flow cytometry, use flow cytometry technology"
carry out neuropsychological testing,esco,"apply neuropsychological testing, carry out neuro-psychological testing, carry out neuropsychological testings, perform neuropsychological tests, run neuropsychological tests"
carry out quality control in microbiology laboratories,esco,"carry out quality control in a microbiology laboratory, carry out quality controls in microbiology laboratories, perform quality assurance testing in microbiology laboratories, perform quality control in microbiology laboratories"
carry out statistical forecasts,esco,"carry out a statistical forecast, carrying out a statistical forecast, carrying out statistical forecasts, complete statistical forecasts, make statistical forecasts, oversee statistical forecasts, undertake statistical forecasts"
cast jewellery metal,esco,"cast jewellery metals, cast jewelry metal, cast metal for jewellery, casting jewellery metal, model jewellery metal, mold jewellery metal, shape jewellery metal"
catboost,library,
check for defects in railcars,esco,"check for defects in freight cars, check for railcar defects, check railcars for safety defects, examine freight cars for defects, examine freight cars for safety defects, inspect freight cars for faults, inspect freight cars for safety faults, look for defects in railcars, look for railcar defects, look for safety defects in railcars, scrutinise freight cars for safety flaws"
check for flaws in scanned material,esco,"check for flaws in scanned materials, check for flaws in scanned resources, check for flaws in scanned supplies, check for flaws in scans, checking for flaws in scans"
check request legitimacy,esco,"check legitimacy of request, check request's legitimacy, checking request legitimacy, confirm check request legitimacy, make sure check request is legitimate, verify check request legitimacy"
check wine quality,esco,"check quality of wine, check wines' quality, inspect wine quality, wine quality testing"
chef,esco,chef software
ci/cd,devops,continuous integration
cisco,esco,"cisco systems, network magic"
city road network,esco,"city road transport network, city road transportation network, metropolitan road network, metropolitan road transport network, road infrastructure in metropolitan areas, road transport infrastructure in cities, road transport infrastructure in metropolitan areas, road transport infrastructure in urban areas, road transportation infrastructure in cities, road transportation infrastructure in urban areas, urban road network, urban road transport network"
classification,concept,
clinical coding,esco,"application of clinical codes, clinical codification, matching of clinical statements with standard codes of illness and treatments, translation of clinical statements into coded format, translation of medical statements into coded format, use of classification codes to reflect clinical statements, use of clinical codes, use of clinical codes to reflect medical statements, utilisation of clinical codes"
cloud monitoring and reporting,esco,"cloud computing monitoring and reporting, cloud monitoring, cloud reporting"
cloud technologies,esco,"cloud computing, edge computing"
clustering,concept,
cobol,esco,"cobol, cobol applications, cobol programming language, cobol software"
coffeescript,esco,"coffeescript algorithms, coffeescript coding techniques, coffeescript programming paradigms, coffeescript software development principles, coffeescript software development techniques"
cognitive behavioural therapy,esco,"cbt, cognitive behavioral therapy, cognitive behaviour therapy, cognitive behavioural therapies, cognitive-behavioural therapies, cognitive-behavioural therapy, evidence-based practice for treating mental disorders, problem-focused and action-oriented approach to treating mental disorders"
collaborate through digital technologies,esco,"able to use online tools to collaborate, apply online tools to collaborate, make use of online tools to collaborate, use concurrent file editing, use online meeting tools, use online tools to collaborate, use voip conference calling, using online tools to collaborate, utilise online tools to collaborate"
collaborate with designers,esco,"collaborate with designer, collaborating with designers, cooperate with designers, network with designers, team up with designers, work together with designers"
collaborate with stakeholders in leading community arts,esco,"collaborate with leading community art stakeholders, collaborate with stakeholders in community arts, collaborate with stakeholders in leading community art, collaborating with stakeholders in leading community arts, network with stakeholders in leading community arts, team up with stakeholders in leading community arts, work together with stakeholders in leading community arts"
collaborate with technical experts on artworks,esco,"collaborate with technical experts on artwork, collaborating with technical experts on artworks, cooperate with technical experts on artworks, network with technical experts on artworks, team up with technical experts on artworks, work together with technical experts on artworks"
collect biological data,esco,"analyse biological data, analyse biological records, analysing biological data, analysing biological records, biological data analysing, biological data collecting, collect biological records, collecting biological data, collecting biological records"
collect client fitness information,esco,"collect client information on fitness, collect information from fitness clients, compile records of with clients' fitness data, gather clients' personal fitness details"
collect customer data,esco,"assemble customer data, collect client data, collect data of clients, collect data of customers, compile customer data, gather client information, gather consumer information, gather customer information, gather information on clients, gather information on customers"
collect cyber defence data,esco,"collect cyber defence intelligence, collect data for cyber defence through dns request logs, collect data for cyber defence through online trade records, gather cyber defence data, gather cyber defence intelligence"
collect data using gps,esco,"collecting data using gps, collecting of data using gps, collection of data using gps, data collection using gps, gather data using gps device, gather data using gps devices, gather gps field data, gathering gps field data, use gps to collect data, using gps to collect data"
collect financial data,esco,"collect finance data, collecting financial data, compile financial data, gather financial data, organise financial data"
collect geological data,esco,"collect and log cores, collecting and logging cores, collecting geological data, collecting of geological data, collection of geological data, geological data collection, map geology, mapping geology, survey geology, surveying geology"
collect healthcare user data under supervision,esco,"accumulate healthcare user data under supervision, aggregate healthcare user data under supervision, collect healthcare user data with observation of experts, collect healthcare user data with observation of medical experts, collect qualitative and quantitative healthcare user data under supervision, gather healthcare user data under supervision, to gather together healthcare user data under supervision"
collect healthcare user's general data,esco,"collect health care user's general data, collect healthcare users' general data, gather health care users' general data, gather healthcare user's general data, obtain healthcare users' general data"
collect ict data,esco,"collect digital data, gather digital data, gather digital data; obtain digital data, obtain digital data"
collect mapping data,esco,"collecting mapping data, collecting of mapping data, collection of mapping data, conservation of mapping data, conserve mapping data, mapping data collection, mapping data preservation, preservation of mapping data, preserve mapping data, preserving mapping data"
collect real-time geolocation information,esco,"collect live geolocation information, collect live location data, gather live geolocation information, gather live location data, gather real-time geolocation information"
collect statistics on medical records,esco,"analyse medical records using statistical methods, collect statistics from medical records, perform statistical analysis from medical records, perform statistical analysis of medical records"
collect tourist information,esco,"collect, collect information on tourists, collect touristic information, compile tourism-related data, compile touristic information, create, gather touristic information"
collect weather-related data,esco,"assemble weather-related data, collecting weather-related data, compile weather-related data, gather weather-related data"
collection management software,esco,"collection information system, collection management and archive software, collection software management, collections management software"
colour grade images with digital intermediate,esco,"color grade images with digital intermediate, colour grade images with d.i., colour grade images with di"
commercial law,esco,"commerce law, commercial laws, commercial legislation, commercial regulation, commercial rule, commercial statute"
common lisp,esco,common lisp programming language
communication,soft skill,
compare survey computations,esco,"check data for accuracy, checking data for accuracy, compare data with standards, comparing data with standards, comparing of survey computations, comparing survey computations, comparison of survey computations, survey computation comparison, survey computations comparison, verify data, verifying data"
competition law,esco,"competition laws, competition legislation, competition regulation, competition rules, competition statutes, laws of competition"
compile data for navigation publications,esco,"assemble and process data for navigation publications, assemble and process data for navigational publications, compile data for navigational publications, compile navigation publication data, compile navigational publication data, gather and process data for navigation publications, gather and process data for navigational publications, gather data for navigation publications, gather data for navigational publications, process data for navigation publications"
compile gis-data,esco,"compilation of data from maps and other sources, compilation of gis-data, compile data from maps and other sources, compiling data from maps and other sources, compiling gis-data, compiling of data from maps and other sources, compiling of gis-data, gis-data compilation"
compile statistical data for insurance purposes,esco,"collect statistical data for insurance purposes, compose statistical data for insurance purposes, produce statistics for insurance purposes"
comply with legal regulations,esco,"comply with a legal regulation, comply with legal laws, comply with legal legislation, comply with legal rules, comply with legal statutes, complying with legal regulations, legal regulation compliance"
comply with legislation related to health care,esco,"adhere to legislation related to health care, comply with health care laws and regulations, comply with health care legislation, comply with legislation related to health-care, comply with legislation related to healthcare, obey legislation related to health care"
comply with pipeline transport regulations,esco,"abide to the legal standards for pipeline transport, apply pipeline transportation laws, apply standards governing the transportation of goods via pipeline, comply with pipeline transport laws, follow pipeline transport codes, follow pipeline transportation codes, implement legal requirements for pipeline transport, monitor regulations governing pipeline transportation"
comply with regulations related to export in different countries,esco,"comply with laws related to export in different countries, comply with legislation related to export in different countries, comply with rules related to export in different countries, comply with statutes related to export in different countries, comply with the regulations related to export in different countries, complying with regulations related to exports in different countries"
comply with spirit taxation regulations,esco,"apply spirit taxation laws, apply spirit taxation rules, comply with spirit taxation regulation, conform with spirit taxation statutes, follow regulation of spirit taxation, follow spirit taxation regulations"
compose digital game story,esco,write digital game story
computer assisted language learning,esco,call
computer engineering,esco,"computer hardware development, computer software development, discipline of computer engineering, engineering of computers, field of computer engineering, integration of hardware and software, science of computer engineering, software design"
computer equipment,esco,"computer apparatus, computer devices, computer machinery, computer machines, computing equipment"
computer forensics,esco,"digital forensic investigation, forensic it"
computer graphics,esco,"interactive computer graphics, vector graphics"
computer history,esco,"computers history, history of computers, informatics history"
computer programming,esco,"actionscript, ada, algol, angularjs, applescript, aspectj, awk, bash, bcpl, biztalk, c shell, caml, ceylon, coldfusion, comal, ct, curl, dibol, dylan, emacs lisp, euphoria, fantom, fortran, gcc, gosu, hack, hypertalk, idl, intercal, io, knockoutjs, korn-shell, labview, lua, msvc++, object pascal, ocaml, occam, opencv, pl/i, postscript, powershell, rebol, rexx, seed7, squirrel-script, stl, subversion, tacl, tcl, turing, visual basic, visual basic .net, x10, z shell"
computer science,esco,"informatics, informatics studies"
computer simulation,esco,"computer-based simulation, simulation software ansys"
computer technology,esco,"ict, information and communications technology, information technology, it, technology in computer networks, technology in computers, technology in computing, technology of computers"
computer vision,concept,"cuda, cv, keras, matlab, ocr, opencv, simplecv, tensorflow"
computerised feeding systems,esco,"computer controlled feeding systems, computer controlled systems of feeding, computerized feeding systems, feeding systems that are computerised, range of computerised feeding systems, types of computer controlled feeding systems, types of computerised feeding systems, typology of computer controlled feeding systems, typology of computerised feeding systems"
conduct analysis of ship data,esco,"analyse ship data, conduct analysis of vessel data, conduct data analysis activities on ship data, evaluate ship data, perform analysis of ship data, perform analysis of vessel data, perform data analysis activities on vessel data, use ship data analysis in decision making, utilise vessel data analysis in decision making"
conduct chemical testing on basic metals,esco,"conduct of chemical testing on basic metals, conduct of chemical tests on basic metals, conducting chemical testing on basic metals, conducting of chemical testing on basic metals, examine metals, examining metals, test metals, testing metals, tests on metals"
conduct clinical software research,esco,"carry out clinical research, conduct clinical research, conduct clinical research studies, do clinical research, oversee necessary clinical research"
conduct cupping therapy,esco,"carry out cupping therapy, conduct a cupping therapy, conduct cupping therapies, perform cupping therapy, perform local suction with cups"
conduct environmental surveys,esco,"carry out environmental surveys, collect data on environmental risks through implementation of surveys, collect information on environmental risks through implementation of surveys, conduct environment surveys, conduct surveys on environmental risks, conduct surveys on risks to the environment, execute environmental surveys, gather data on environmental risks through conducting surveys, perform environmental surveys, undertake environmental surveys"
conduct fire tests,esco,"conduct fire analysis, conduct fire assessment, conduct fire check, conduct fire evaluation, conduct fire examination, conduct fire test, conduct fire testing"
conduct metallurgical structural analysis,esco,"analyse new metal products, analysing new metal products, conduct analysis of metallurgical structure, conduct of analysis of metallurgical structure, conducting analysis of metallurgical structure, conducting metallurgical structural analysis, conducting of metallurgical structural analysis, metallurgical structural analysis conduct, test metal products, testing new metal products"
conduct patch testing,esco,"apply patch testing, carry out patch testing, conduct patch testings, conduct patch-testing, perform patch testing"
conduct performance measurement,esco,"carry out conversion testing, conduct a performance measure, conduct performance measures, conducting performance measurement, manage conversion testing, organise conversion testing, undertake conversion testing"
conduct physiotherapy assessment,esco,"collect data of physiotherapy assessment, collect information of physiotherapy examination, conduct physiotherapy analysis, conduct physiotherapy evaluation, conduct physiotherapy evaluations, conduct physiotherapy examination, conduct physiotherapy examinations, lead physiotherapy assessment, undertake physiotherapy assessment"
conduct radiotherapy computer planning,esco,"carry out radiotherapy computer planning, conduct radiotherapy ct planning, conduct radiotherapy ct simulations, use radiography computer planning, use radiography computer-planning, use radiotherapy computer planning, use radiotherapy computer-planning"
conduct research on food waste prevention,esco,"analyse data on food waste prevention and comparative reduction of food costs, conduct research on the costs for managing food waste, conduct research on the equipment for managing food waste, evaluate methods for reducing food waste, perform investigation to reduce food waste"
conduct routine blood testing,esco,"carry out a routine blood test, carry out routine blood testing, carry out routine blood-testing, conduct a routine blood test, conduct routine blood-testing, do a routine blood test"
conduct soil sample tests,esco,"carry out soil sample tests, carrying out soil sample tests, conduct of soil sample tests, conducting of soil sample tests, conducting soil sample tests, soil sample testing, soil sample tests conduct, testing soil samples"
conduct textile testing operations,esco,"carry out textile testing operations, conduct operations for textile testing, conduct tests on textile, conduct tests on textiles, perform tests on textile, perform tests on textiles, test textile, test textiles"
conduct threat intelligence,esco,"conduct cti, conduct cyber threat intelligence, organise cti, organise cyber threat intelligence, organise threat intelligence, plan cti, plan cyber threat intelligence, plan threat intelligence, undertake cti, undertake cyber threat intelligence, undertake threat intelligence"
conduct training on monitoring and evaluation frameworks,esco,"teach monitoring and evaluation frameworks, train staff on monitoring and evaluation frameworks"
confluence,tool,
connect blasting circuit,esco,"blasting circuit connecting, blasting circuit connection, connecting blasting circuit, connecting of blasting circuit, connection of blasting circuit, inspect and test blasting circuit, inspect blasting circuit, inspecting and testing blasting circuit, inspecting blasting circuit, test blasting circuit, testing blasting circuit"
contextualise records collection,esco,"add contextual data to collection, contextualise collections, contextualising collection, contextualize collection"
contract law,esco,"contract law regulations, contract laws, law of contract, principles of contract law"
convolutional neural network,concept,cnn
coordinate remote communications,esco,"coordinate gsm digital radio network, coordinate lte digital radio network, coordinate network communications, coordinate radio communications, coordinating of remote communications, coordinating remote communications, coordination of remote communications, manage network communications, manage radio communications, manage radio networks, managing radio networks, remote communications coordination"
copyright legislation,esco,"copyrighting legislation, laws protecting rights of original authors"
core banking software,esco,core banking application
create 3d cad footwear prototypes,esco,"create 3d digital footwear prototypes, create 3d footwear prototypes with cad software, create 3d footwear prototypes with computer-aided design software, design 3d digital footwear prototypes, design 3d footwear prototypes with computer-aided designing, elaborate 3d cad footwear prototypes, elaborate 3d digital footwear prototypes"
create a crowdfunding campaign,esco,"launch crowdfunding initiative, setup a digital crowdfunding activity"
create a product's virtual model,esco,"conceive product's virtual model, create a virtual model of the product, create products' virtual models, design product's virtual model, develop product's virtual model, develop product's virtual representation, make product's virtual representation, produce a virtual model of the product, shape product's virtual model"
create business process models,esco,"design business process models, develop business process diagrams"
create concept of digital game,esco,design concepts of digital games
create data models,esco,manage data models
create data sets,esco,"create a data set, creating data sets, data set creation, design data sets, develop data sets, establish data sets, produce data sets"
create database diagrams,esco,"create database blueprint, create database models"
create digital content,esco,"create content in digital form, edit digital content, produce digital content"
create digital files,esco,"create digital file, creating digital files, generate digital files, make digital files"
create digital game characters,esco,"compose digital game characters, write digital game characters"
create digital images,esco,"come up with digital images, create digital image, creating digital images, design digital images, develop digital images, make digital images"
create freight rate databases,esco,"develop and maintain databases of freight rates, develop and maintain freight rate databases, keep and update databases of freight rates, keep and update freight rate databases, keep databases of cargo rates, keep databases of freight rates, keep freight rate databases, maintain cargo rate databases, maintain databases of cargo rates, maintain databases of freight rates, update databases of freight rates"
create game testing software,esco,"create software for game testing, create software to test games, design testing software for games, develop game testing software"
create master models,esco,"build master models, construct master models, create a master model, creating master models, make master models, produce master models"
create model,esco,"build model, construct model, create models, creating model, design model, make model"
create patterns for garments,esco,"create master patterns, create patterns for wearing apparel, design patterns for garments, design patterns for wearing apparel, digitally create patterns for garments, digitally create patterns for wearing apparel, draw patterns for garments by hand or by computer, draw patterns for wearing apparel by hand or by computer, manually create patterns for garments, manually create patterns for wearing apparel"
create sculpture prototype,esco,"construct sculpted objects, create prototypes of sculpture, create sculpted porotypes, create sculpture models"
create set models,esco,"construct models of a set, construct set models, create a set of models, create models of a set"
create software design,esco,create application design
creatively use digital technologies,esco,"use digital technologies for cognitive tasks, use digital technologies for problem-solving in digital environments, use digital technologies for process innovation, use digital technologies for product innovation, use digital technologies to resolve conceptual problems"
critical thinking,soft skill,
cross validation,concept,
cross-matching techniques for blood transfusions,esco,"blood typing and crossmatching, cross-matching blood, cross-matching technique for blood transfusions, crossmatching technique for blood transfusion, crossmatching techniques for blood transfusions, testing methods prior to a blood transfusion, testing methods prior to blood transfusions"
cryptocurrency,esco,"crypto, digital currency"
customise software for drive system,esco,"adapt drive system software, adapt software for drive system, adapting drive system software, adapting software for drive system, customise drive system software, customising drive system software, customising software for drive system, customize software for drive system, drive system software adapting, drive system software customising, software adapting for drive system, software customising for drive system"
customs regulations for passengers,esco,"border crossing regulations, customs and immigration codes, customs and immigration laws, customs and immigration regulations for passengers, customs law for passengers, customs rules for passengers, passenger customs regulations, passenger customs rules, regulations for crossing borders, regulations for customs and immigration enforcement"
cut raw footage digitally,esco,"digitally cut raw footage, digitally edit raw footage, edit raw footage digitally"
cyber attack counter-measures,esco,"cyber defence mechanisms, cyber/digital/it/ict/information security controls, cybersecurity measures, network communications security measures"
cyber security,esco,"cybersecurity, digital security, ict security, information and communications technology security, information security, it security"
cybernetics,esco,"control of system using technology, field of cybernetics, first order cybernetics, science of control and communication, science of cybernetics, second order cybernetics, study of control and communication, theories of cybernetics"
data analytics,esco,data anlysis
data cleaning,concept,data wrangling
data engineering,esco,data engineering methods
data ethics,esco,principles of data ethics
"data extraction, transformation and loading tools",esco,"adeptia integration server, centerprise data integrator, cloveretl, cognos data manager, data migrator, elixir repertoire for data etl, etl, ibm infosphere warehoedition, open text integration center, pervasive data integrator, powercenter informatica, relational junction etl manager, sagent data flow, syncsort dmx, talend studio for data integration"
data mining,esco,data scraping
data mining methods,esco,"a data mining method, data mining approaches, data mining arrangements, data mining mechanisms, data mining methodology, data mining processes, methods of data mining"
data models,esco,data modelling
data pipeline,concept,
data preprocessing,concept,
data privacy,concept,
data protection,esco,"data privacy, information privacy, paradigms of data privacy, paradigms of data protection, principles of data privacy, principles of data protection, principles of information privacy, protection of data, protection of private data, protection of private information"
data quality assessment,esco,"analyse data quality, data quality analysis"
data science,esco,"data science process, science of data"
data security principles,esco,"data security methods, information security principles"
data storage,esco,file hosting service
data structures,concept,
data visualisation software,esco,data presentation software
data visualization,concept,
data warehouse,esco,"data repository, data warehouse solutions, enterprise data storage"
data warehousing,concept,
database,esco,"non-relational database, relational database, types of databases"
database development tools,esco,microcontrollers
database management systems,esco,"adabas, adabas d, adaptive server anywhere, adaptive server enterprise, advantage database server, cloudscape, database systems, datacom, db engines, db.linux, db.star, db2 everyplace, dbms, idms, ims db, informix dynamic server 2000, informix extended parallel server, ingres ii, interbase, jasmine ii, model 204, nonstop sql, objectivity db, oracle 8i, oracle lite, peoplesoft, pervasive.sql 2000, pervasive.sql workgroup, poet object server suite, pointbase embedded, pointbase mobile, pointbase network server, quadbase sql server, r:base, raima database manager, rdb, sql, sqlbase, supra, sybase, timesten, unidata, unisql, velocis, versant, yard-sql"
database quality standards,esco,"database quality evaluation, database quality standard, databases quality evaluation, databases quality standards, evaluation of database quality, quality standard for databases, quality standards for databases"
db2,esco,"db2 connect, db2 database software, db2 for i, db2 for z/os, db2 on cloud, ibm db2, ibm db2 database software"
debug software,esco,"analyse testing results for incorrect software output, fix computer code for software, locate defects causing unexpected software output, repair computer code for software"
decentralized application frameworks,esco,"decentralized applications on blockchain infrastructure, decentralized software characteristics, decentralized software frameworks"
decide on type of genetic testing,esco,"choose appropiate test of genetic testing, choose type of genetic testing, consider type of genetic testing, decide on category of genetic testing, decide on form of genetic testing, decide on type of genetic examination, decide on type of genetic measurement, decide on type of genetic test, decide on type of genetic testing procedure, select type of genetic testing"
decision support systems,esco,"decision support matrix, decision support software, decision-making tools"
decode handwritten texts,esco,"decode hand-written texts, decode texts written by hand, decoding handwritten texts, interpret handwritten texts, understand handwritten texts"
deep learning,concept,"deep learning methods, deep learning principles, deep neural networking, dl"
define data quality criteria,esco,"set data quality benchmarks, specify data quality criteria"
define database physical structure,esco,define database physical storage structure
define ict network design policies,esco,"define ict network architecture framework, establish ict network design policies, specify ict network design principles"
define software architecture,esco,"define application architecture, define programme architecture"
deliver visual presentation of data,esco,"create data visualisation, visualise data"
demand excellence from performers,esco,"demand excellence from performer, demand performers excel, demanding excellence from performers, expect excellence from performers, insist on excellence from performers, request excellence from performers"
demonstrate functionality of software products,esco,"demonstrate functionality of a software product, demonstrate the functionality of software products, demonstrating functionality of software products, determine functionality of software products, display functionality of software products, establish functionality of software products, show functionality of software products"
design 2d pattern for footwear 3d visualisation,esco,"develop 2d model for 3d footwear design, prepare 2d patterns for footwear 3d visualisation"
design application interfaces,esco,design api
design beer recipes,esco,"arrange beer recipes, design a beer recipe, design beer recipe, design of a beer recipe, develop beer recipes, model beer recipes, produce a beer recipe"
design brand's online communication plan,esco,"arrange brand's online communication plan, design a brand's online communication plan, design brand's online communication plans, designing a brand's online communication plan, develop brand's online communication plan, model brand's online communication plan, produce brand's online communication plan"
design campaign actions,esco,"arrange campaign actions, arrange crusade actions, model campaign actions, model crusade actions, operate campaign actions, operate crusade actions, organise campaign actions, organise crusade actions"
design chassis,esco,"arrange chassis, chassis design, design a chassis, designing a chassis, develop chassis, model chassis, produce chassis"
design cider recipes,esco,"arrange cider recipes, design a cider recipe, design cider recipe, develop cider recipes, form cider recipes, model cider recipes"
design circuits using cad,esco,"cad circuit design, circuit design using cad, design basic circuits using cad, design circuits using computer assisted design software, designing circuits using cad, designing of circuits using cad, use cad software for circuit design, use cad to design circuits, using cad to design circuits"
design cloud networks,esco,"create cloud network, implement cloud network"
design computer network,esco,"design lan, design local area network, design wan, design wide area network"
design database backup specifications,esco,"create database backup specifications, define database backup specifications, draft database backup specifications, lay out database backup specifications, specify database backup procedures"
design database in the cloud,esco,"apply design principles for cloud data architecture, apply design principles for cloud database design, design automated cloud databases, design cloud data architecture, develop cloud database design"
design database scheme,esco,develop database scheme
design digital call to action,esco,cta
design dolls,esco,"create dolls, design a doll, designing dolls, develop dolls, form dolls, model dolls"
design electronic systems,esco,"designing electronic systems, electronic system designing, electronic system modelling, electronic systems design, electronic systems designing, electronic systems model, electronic systems modelling, model electronic systems, modelling electronic systems"
design floral decorations,esco,"arrange floral decorations, design a floral decoration, designing a floral decoration, designing floral decorations, develop floral decorations, model floral decorations, produce floral decorations"
design hardware,esco,"computer hardware specifying, designing hardware, hardware design, hardware designing, hardware specifying, specify computer hardware, specify hardware, specifying computer hardware, specifying hardware"
design interaction model,esco,"design skills for interaction model, design virtual assistant skills, develop interaction model"
design microelectromechanical systems,esco,"design mems, design microsystems, designing microelectromechanical systems, microelectromechanical systems design, microelectromechanical systems designing, model mems, model microelectromechanical systems, model microsystems"
design package,esco,"arrange package, design a package, design packages, designing a package, develop package, model package, produce package"
design prototypes,esco,"conceive prototypes, construct prototypes, create preproduction models, create prototypes, designing prototypes, develop prototypes, draft prototypes, work out the structure of prototypes"
design scale models,esco,"arrange scale models, design a scale model, designing scale models, develop scale models, plan scale models, scale model planning"
"design the digital interface of gambling, betting and lottery games",esco,"create the digital interface of betting games, design gambling games' digital interface, design the digital interface of gambling games, design the digital outlook of games, design the interface of lottery games digitally"
design ventilation network,esco,"design and analyse ventilation network, design and analysis of ventilation network, design of ventilation network, designing and analysing ventilation network, designing ventilation network, engineer ventilation network, plan ventilation network, planning of ventilation network, planning ventilation network, ventilation network design"
detect flaws in bottles,esco,"detect a flaw in a bottle, detect bottling flaws, detect flaws in a bottle, determine flaws in bottles, establish flaws in bottles, find flaws in bottles, identify flaws in bottles"
detect flaws in pipeline infrastructure,esco,"assess pipeline infrastructure to discover flaws, assess pipeline infrastructure to identify weaknesses, detect weaknesses in pipeline infrastructure, discover flaws in pipeline infrastructure, discover weaknesses in pipeline infrastructure, find flaws in pipelines and related infrastructure, find weaknesses in pipelines and related infrastructure, identify flaws in pipeline infrastructure, identify weaknesses in pipeline infrastructure, recognise flaws in pipeline infrastructure"
detect flaws in rails,esco,"detect internal flaws in rails, discover flaws in rails, identify flaws in rails, identify internal flaws in rails, prevent derailment by identifying internal flaws in rails, prevent derailment by identifying internal rail flaws, prevent derailment through identification of internal rail flaws, prevent derailment through identification of rail flaws, recognise flaws in rails, recognise internal flaws in rails, reduce chances of derailment by detecting internal flaws in rails, reduce chances of derailment by detecting internal rail flaws"
detect flaws in record,esco,"detect flaw in record, detecting flaws in record, discover flaws in record, find flaws in record, identify flaws in record"
detect rail track malfunctions,esco,"detect flaws in rail tracks, detect flaws in railway tracks, detect malfunctions in rail tracks, detect malfunctions in railway tracks, detect rail track flaws, detect railway track malfunctions, identify faults in railway tracks, identify rail track defects, identify railway track defects, recognise faults in railway tracks, recognise rail track defects, recognise railway track defects"
develop an artistic framework,esco,"create a plan for artistic research, create a research framework plan, create artistic framework, develop a framework for artistic research, develop an artistic research framework, develop artistic frameworks, develop artistic research framework, developing artistic framework, generate artistic framework, produce artistic framework"
develop an artistic network,esco,"create a musical network, develop artistic networking, develop public relations, developing an artistic network"
develop animations,esco,"design animations, design graphics and animation, develop an animation, develop animated models, developing animations"
develop automated software tests,esco,"build automated software tests, design automated software tests, generate automated software tests"
develop code exploits,esco,develop software exploits
develop communication networks with shipping sites,esco,"create communication networks with shipping sites, develop communication procedures with shipping sites, develop communication processes with shipping sites, develop communication systems with shipping sites, develop connections with shipping sites, establish communication networks with shipping sites, establish relationships with shipping sites, facilitate the delivery of goods by collaborating with shipping sites, facilitate the delivery of goods by communicating with shipping sites, facilitate the delivery of goods by developing relationships with shipping sites"
develop computer vision system,esco,"develop motion capture software, develop ocr"
develop data link services for navigation purposes,esco,"apply data link services and satellite technologies for navigation purposes, apply data link services for air-ground communication, apply satellite technologies for air-ground communication, create data link services for air-ground communication, create data link services for navigation purposes, develop data link services for air-ground communication, develop data link services for air-ground communication operations, develop data link services for navigation, implement data link services and satellite technologies for navigation purposes, implement satellite technologies and data link services for navigation purposes"
develop data processing applications,esco,"build data processing applications, create data processing applications, design data processing applications, design data processing software, develop data processing software"
develop digital content,esco,
develop digital educational materials,esco,"develop digitized educational materials, develop educational materials, develop educational resources, develop instructional material, develop instructional material for education, develop instructional material for educators"
develop financial statistics reports,esco,"develop a financial statistics report, develop financial statistical reports, developing financial statistics reports, establish financial statistics reports, evaluate financial statistics reports, launch financial statistics reports, produce financial statistics reports"
develop geological databases,esco,"create geological databases, creating geological databases, creating of geological databases, creation of geological databases, developing geological databases, developing of geological databases, development of geological databases, geological database creation, geological database development"
develop ict test suite,esco,design software testing
develop material testing procedures,esco,"develop component testing procedures, develop fabric testing procedures, develop material examination procedures, develop substance testing procedures, develop testing procedures for materials"
develop models for weather forecast,esco,"create models for weather forecast, develop model for weather forecast, develop models for weather forecasts, developing models for weather forecast, establish models for weather forecast, generate models for weather forecast, set models for weather forecast"
develop predictive models,esco,"develop a model, develop models, developing a model, developing models, establish models, evaluate models, launch models, produce models"
develop professional network,esco,"build professional network, create professional network, develop pro network, develop professional networks, developing professional network"
develop professional network with researchers and scientists,esco,"cultivate a professional circle in academia, establish connections with researchers and scientists, foster relationships with researchers and scientists"
develop programming schedule,esco,"develop programming schedules, developing programming schedule, draft programming schedule, establish programming schedule, set programming schedule, write programming schedule"
develop reporting software,esco,"create reporting software, design reporting software"
develop sewerage networks,esco,"create sewerage networks, creating sewerage networks, developing sewerage networks, sewerage network creating, sewerage network developing, sewerage networks creating, sewerage networks developing"
develop shipping itineraries,esco,"create itineraries, develop journey plans, develop travel plans, develop voyage scenario, plot shipping journey, plot shipping journey through use of specialist equipment and software, plot shipping voyage, use specialised equipment and software to develop a shipping itinerary, utilise specialised software to develop a shipping itinerary"
develop software prototype,esco,"develop software mockup, develop software throw-away simulation"
develop solutions to information issues,esco,"develop solutions to information needs and challenges, develop solutions to information technology issues, develop solutions to solve information issues, information technology problem solving, solve information-related issues, solve information-related problems"
develop statistical software,esco,"create statistical software, define statistical software, developing statistical software, prepare statistical software, write statistical software"
develop terminology databases,esco,"compile terminology databases, define terminology databases prepare terminology databases, draw up terminology databases, populate terminology databases, write terminology databases"
develop translation memory software,esco,"create translation memory software, define translation memory software, development of translation memory software, prepare translation memory software, translation memory software development, write translation memory software"
develop virtual game engine,esco,create game development framework
devops,esco,"devops based software development, devops development, devops methodology"
digital arts,esco,"born-digital artworks, digital photography, pixel art"
digital camera sensors,esco,"ccd, charged coupled device, cmos, complementary metal oxide semiconductor sensor, sensors in digital cameras, types of digital camera sensor, typology of digital camera sensors"
digital communication and collaboration,esco,"digital communications, electronic communication, paperless communication"
digital compositing,esco,"digital compositing process, image compositing"
digital content creation,esco,"content created by ict software, content creation with ict software, content-creation with ict program, content-creation with ict softwares, ict software content-creation"
digital curation,esco,digital research curation
digital data processing,esco,"data processing, electronic data processing, paperless data processing, processing of data digitally"
digital game creation systems,esco,"3d engine, 3d mmorpg game engine, 4a engine, antiryad gx, arsys engine, bigworld, clausewitz engine, cpal3d, dagor engine, dunia engine, flanging, flare3d, flixel, game engine, game middleware, gamebryo, goldsrc, hpl engine, infinity engine, k2 engine, m.u.g.e.n, mt framework, nebula device, neoaxis engine, onyx engine, panda3d, panta rhei, phyreengine, rpg maker, runetek, s2engine hd, scimitar, shiva3d, tgea, ubiart framework, unigine, video game engine, videogame engine"
digital game genres,esco,mechanics of digital games
digital identity management,esco,"digital identity methods, iam"
digital image processing,esco,"aliasing for digital image processing, digital image manipulation, digital image manipulation aspects, digital image processing practices, image interpolation for digital image processing"
digital journalism,esco,online journalism
digital marketing techniques,esco,"on-line marketing techniques, online ads software, online marketing techniques, web marketing techniques"
digital media,esco,"digital audio media, digital video media"
digital printing,esco,"digital printings, electronic printing, plotter"
digital systems,esco,digital information systems
digital twin technology,esco,"digital modelling technology, digital replication technology, virtual twin model"
digitise documents,esco,"carry out document digitisation, scan documents"
digitization,esco,digital enablement
dimensionality reduction,concept,
distinguish types of saws,esco,"determine types of saws, discern types of saws, distinguishing types of saws, identify types of saws"
district heating and cooling,esco,"district energy, district energy networks, district heating and cooling networks, district heating and cooling systems, heat networks"
django,framework,
docker,devops,
domain name service,esco,"dns, dns server"
draft legislation,esco,"develop laws, develop regulations, develop rules, develop statutes, draft laws, draft regulations, draft rules, draft statutes"
draw sketches to develop textile articles using softwares,esco,"draw sketches to develop textiles or wearing apparel using softwares, draw sketches with softwares to develop textile articles, sketch textile articles using softwares, sketch textiles or wearing apparel using softwares, use softwares to draw and develop textile articles, use softwares to draw and develop textiles or wearing apparel"
draw up artistic programming policy,esco,"create artistic programming policy, develop artistic programming policy, draw up artistic programming policies, drawing up artistic programming policy, formulate artistic programming policy, produce artistic programming policy"
draw up stage layouts digitally,esco,"design stage layouts digitally, draw up digital stage layouts, draw up stage layout digitally, drawing up stage layouts digitally, sketch stage layouts digitally"
drive motor vehicle prototypes,esco,"check the performance of motor vehicle prototypes, control the movement of motor vehicle prototypes, drive motor-driven vehicle prototypes, drive motorised vehicle prototypes, drive prototypes of motor vehicles, examine the performance of motor vehicle prototypes, inspect the performance of motor vehicle models, test motor vehicle prototypes"
drop hammer types,esco,"drop hammer brands, drop hammer categories, drop hammer models, drop hammer varieties"
e-agriculture,esco,"agriculture 4.0, digital agriculture, information and communication technology in agriculture, smart agriculture, smart farming"
e-learning software infrastructure,esco,e-learning software infrastracture and applications
eclipse,esco,"eclipse, eclipse ide, knowledge of eclipse"
economics,esco,"banking, commodity markets, economic practices, economic principles, finances, financial data, financial economics, financials, market economics"
edit digital moving images,esco,"edit digital footage, edit digital images of animation, edit digital images of movement, edit moving digital images"
edit photographs,esco,"edit photos, edit photos and negatives, editing photographs, use photo editing software"
educate on data confidentiality,esco,"educate about data confidentiality, educating about data confidentiality, educating on data confidentiality, instruct on data confidentiality, teach data confidentiality principles"
education law,esco,"education laws, education legislation, education norms, education regulation, the law of education"
elasticsearch,database,
election law,esco,"ballot legislation, ballot rules, balloting laws, balloting statutes, election legislation, election rules, election statutes"
electrical testing methods,esco,"electrical testing method, electrical testing methods and circuit testing, electrical testing procedure, electrical testing procedures, methods for electrical testing, methods used in electrical testing, procedures for electrical testing, procedures used in electrical testing"
electronic test procedures,esco,"electronic test protocols, electronic testing procedures, electronic testing protocols, procedures for electronic systems testing, procedures for electronic testing, protocols for electronic systems testing, protocols for electronic testing, testing procedures for electronic systems, testing procedures for electronics, testing protocols for electronic systems, testing protocols for electronics"
embargo regulations,esco,"embargo laws, embargo legislation, embargo regulation, embargo rules, embargo statutes, regulating an embargo"
embedded systems,esco,"embedded software, embedded systems software architectures"
emission standards,esco,"air pollution control standards, air pollution controls, air pollution vehicle regulations, emission laws, emission regulations, legal requirements for emissions, standards for vehicle emissions, vehicle emission standards"
empirical analysis,esco,empirical data analysis
employment law,esco,"employment laws, employment legislation, employment regulation, employment rule, employment statute"
energy therapy,esco,"biofield therapies and bioelectromagnetic-based therapies, energy healing, energy medicine, energy therapies, energy-therapy, methods of energy therapy"
enforce alcohol drinking laws,esco,"enforce drinking alcohol laws, enforce laws on drinking alcohol, impose alcohol regulations, oblige conformity to the alcohol legislation"
enforce railway safety regulations,esco,"enforce rail safety regulations, enforce railroad safety regulations, enforce safety regulations for rail networks, enforce safety regulations for rail operations, enforce safety regulations for railways, ensure compliance with railway safety procedures, ensure compliance with railway safety regulation, ensure compliance with railway safety regulations and procedures, ensure railway safety through enforcement of regulations, perform railway regulation enforcement activities, undertake railway regulation enforcement activities"
ensure accuracy of aeronautical data,esco,"carry out aeronautical data quality assurance, conduct activities to ensure the accuracy of published aeronautical information, ensure accuracy of aeronautical information, ensure precision of aeronautical data, ensure precision of aeronautical information, ensure veracity of aeronautical data, ensure veracity of aeronautical information, perform activities to assure the accuracy of published aeronautical information, perform aeronautical data quality assurance activities, undertake aeronautical data quality assurance activities"
ensure compliance with environmental legislation,esco,"check compliance with environmental laws, checking compliance with environmental laws, ensure compliance with environmental regulations, ensure environmental legislation compliance, ensuring compliance with environmental legislation, ensuring environmental legislation compliance, ensuring of compliance with environmental legislation, lead implementation of environmental legislation, lead implementation of environmental policies and legislation"
ensure compliance with gaming laws,esco,"ensure adherence to gambling regulations, ensure conformity with gaming laws, ensure gaming laws are complied with, ensure gaming laws' compliance"
ensure compliance with healthcare regulations,esco,"ensure compliance with health-care regulations, ensure compliance with healthcare laws, ensure compliance with healthcare legislation, ensure compliance with healthcare provisions, ensure complinace with healthcare regulation"
ensure compliance with safety legislation,esco,"ensure compliance with safety laws, ensure compliance with safety laws and programmes, ensure compliance with safety regulations, ensure safety legislation compliance, ensuring compliance with safety legislation, ensuring of compliance with safety legislation, ensuring safety legislation compliance, implement mine safety programmes"
ensure data protection in aviation operations,esco,"ensure aviation data protection, ensure data protection contained in safety data collection and processing, ensure data protection contained in sdcp, ensure data protection in aviation, ensure protection of data in aviation operations, ensure sensitive data is used only for aviation safety purposes, ensure sensitive information is used only for aviation safety purposes, ensure the protection of data in aviation operations, ensure the protection of sensitive data in aviation operations, protect sensitive data used in aviation operations, protect sensitive information used in aviation operations"
ensure information privacy,esco,"ensure confidentiality of data and information, ensure data privacy, maintain privacy and confidentiality of information"
ensure tram system power supply,esco,"conduct power maintenance activities for tram systems, ensure power supply for the tram system, ensure power supply for the tramway, ensure power supply for tram network, ensure power supply for tramlines, ensure tram network power supply, ensure tramline power supply, ensure tramway power supply, maintain tram network power supply, maintain tramline power supply, maintain tramway power supply, perform power maintenance activities for tramways"
erlang,esco,erlang programming language
establish data processes,esco,"develop data processes, implement data processes"
establish educational network,esco,"develop network of education, develop network of educational partnerships, establish a network of education, establish an educational network"
etl,concept,extract transform load
european firearms-control legislation,esco,"eu firearms-control legislation, european firearm-control legislation, european firearms control legislation, european firearms-control laws, european gun-control rules"
european pesticide legislation,esco,"eu pesticide legislation, european legislation for pesticides, european pesticide laws, european pesticide regulations, european pesticide rules, european pesticides legislation"
evaluate cost of software products,esco,"apply methods to evaluate cost of software products, apply techniques to evaluate cost of software products, estimate compliance cost of software products, estimate cost of maintenance of software products, estimate cost of software products"
"evaluate data, information and digital content",esco,"evaluate digital content, evaluate digital data"
evaluate forensic data,esco,"assess forensic data, assess scene of crime data, audit forensic data, audit scene of crime data, check forensic data, check scene of crime data, determine forensic data, determine scene of crime data"
evaluate genetic data,esco,"analyse genetic data, analyze genetic data, apply statistical calculations to genetic data"
evaluate scientific data concerning medicines,esco,"appraise scientific data concerning medicines, assess scientific data concerning medicines, evaluate data concerning medicines, evaluate scientific data concerning medications, evaluate scientific data concerning pharmaceutical drugs"
evaluate social work program's impact,esco,"collect data to evaluate social work programme, evaluate impact of social work program, evaluate impact of social work programme, evaluate social work programme's impact, evaluate social work programmes' impact, evaluate social work programs' impact, impact evaluation of social work program, impact evaluation of social work programme, impact evaluation of social work programmes, impact evaluation of social work programs"
evaluation theory,esco,"evaluation approaches, evaluation methodologies, theory and models of evaluation"
examine dental models and impressions,esco,"analyse dental model and impression, analyse dental models and impressions, analyse teeth models and impressions, analyze dental models and impressions, check dental models and impressions, check teeth models and impressions, examine dental models and impressions of patient's teeth, study dental models and impressions"
excel,tool,microsoft excel
execute conversion testing,esco,"achieve conversion testing, carry out conversion testing, conversion testing execution, enact conversion testing, execute a conversion test, executing conversion testing, undertake conversion testing"
execute ict audits,esco,"execute cyber security audits, execute ict security audits, execute information security audits, execute it security audits"
execute integration testing,esco,test interface between software components
execute software tests,esco,"test application, test programs"
expand the network of providers,esco,"broaden network providers' services, expand providers' network, extend network of providers"
explain characteristics of computer peripheral equipment,esco,"clarify characteristics of computer peripheral equipment, demonstrate characteristics of computer peripheral equipment, describe characteristics of computer peripheral equipment, disclose characteristics of computer peripheral equipment, explain the characteristics of computer peripheral equipment, explaining characteristics of computer peripheral equipment, explaining the characteristics of computer peripheral equipment"
explainable ai,concept,xai
exploratory data analysis,concept,eda
export regulations of dual-use goods,esco,"export laws of dual-use goods, export legislation of dual-use goods, export regulating of dual-use goods, export regulation of dual-use goods, export rules of dual-use goods, export statutes of dual-use goods"
fabricate mouth models,esco,"fabricate models of the mouth and teeth, stone models of the mouth and teeth, trim and polish models of the mouth, turn impression of the mouth into model, turn impressions of the mouth into models, use impressions of the mouth to build models"
fairness in ml,concept,responsible ai
fastapi,framework,
feature engineering,concept,
filemaker,esco,"filemaker, filemaker go, filemaker pro"
fill out forms,esco,"complete forms, enter data into forms, fill in forms, fill out form, filling out forms"
find trends in geographic data,esco,"determine trends in geographic data, discover trends in geographic data, geographic data trends, identify trends in geographic data, trends in geographic data, uncover trends in geographic data"
finish shells,esco,"accomplish basic structural frameworks construction, accomplish shell construction, carry out basic structural frameworks construction, carry out shell construction, complete basic structural frameworks, complete shells, perform basic structural frameworks construction, perform shell construction"
firmware,esco,"built-in software, firmware program, kinds of firmware, read-only software, types of firmware, typology of firmware"
flask,framework,
food hygiene rules,esco,"food hygiene laws, food hygiene legislation, food hygiene rule, food hygiene statutes, rules of food hygiene"
food legislation,esco,"food laws, food legislating, food regulations, food rules, food statutes, legislation of food"
food plant design,esco,"design of food plant, design of food plants, food plant arrangements, food plant designs, food plant developments, food plant layouts, food plant models"
food waste monitoring systems,esco,"digital tools for food waste monitoring, food loss tracking, food waste monitoring applications, food waste monitoring digital tools, hospitality food waste monitoring systems"
forecast future ict network needs,esco,"estimate future ict network needs, foresee future ict network demands"
form operational strategies for law enforcement,esco,"design operational strategies for law enforcement, design working strategies for law enforcement, model operational strategies for law enforcement, model working strategies for law enforcement, outline operational strategies for law enforcement, outline working strategies for law enforcement, plan operational strategies for law enforcement"
forming of public opinion,esco,"forming of public opinions, forming of public's opinion, manufacturing of public opinion, shaping of public opinion"
formulate a case conceptualisation model for therapy,esco,"compose a treatment plan for therapy, compose case conceptualisation model for therapy, compose case conceptualization model for therapy, formulate a case conceptualization model for therapy, formulate a treatment plan for therapy, formulate case conceptualisation models for therapy"
framework for a safety management system,esco,"composition of a safety management system, constitution of a safety management systems, content of a safety management system, content of safety management systems, contents of a safety management system, framework of a safety management system, framework of a system of safety management, structure for a safety management system, structure of a safety management system, structure of a system of safety management"
frostbite,esco,"frostbite, frostbite 1.5, frostbite 2, frostbite 3"
fuel distribution systems,esco,"distribution systems for fuel, fuel delivery systems, fuel dispersion systems, fuel dissemination systems, fuel distribution networks, fuel movement systems, fuel transportation systems, systems for distributing fuel, systems for moving fuel, systems for the transportation of fuel"
fundamental analysis,esco,fundamental data analysis
gather data,esco,"aggregate data, assemble data, collect data, convene data, data gavering, gathering data"
gather data for forensic purposes,esco,"collect data for forensic purposes, compile data for forensic purposes"
gather experimental data,esco,"accumulate experimental data, collect experimental data, compile experimental data, experimental data gathering, gathering of experimental data"
gcp,cloud,google cloud platform
gdpr,esco,"eu data protection, general data protection regulation, knowledge of gdpr"
general principles of food law,esco,"food law general principles, general principle of food law, general principles of food laws, general principles of food legislation, general principles of food regulation, general principles of food rule, general principles of food statutes"
generate reconciliation reports,esco,"generating of reconciliation reports, generating reconciliation reports, generation of reconciliation reports, production plan and production data reconciliation, reconcile production plans and production data, reconciliation of production plans and production data, reconciliation report generating, reconciliation report generation, reconciling production plans and production data"
gimp,esco,"gimp, gimp for digital editing, gimp for graphics composition, gimp software, gnu image manipulation program"
git,devops,
github,devops,
gitlab,devops,
global standards for sustainability reporting,esco,"global reporting framework for sustainability, global reporting guidelines for sustainability, non financial reporting guidelines, sustainability standardised reporting frameworks"
graph theory,concept,
graphics editor software,esco,"ability photopaint, acd canvas, adobe photoshop elements, apache openoffice draw, arcsoft photoimpression, artrage, autodesk sketchbook pro, balsamiq, chasys draw ies, cinepaint, codedcolor, color it!, corel painter essentials, corel photo-paint, cosmigo pro motion, darktable, digikam, embroidermodder, erdas imagine, f-spot, faststone image viewer, fatpaint, fotografix, g'mic, gimphoto, gimpshop, grafx2, graphicconverter, graphicsmagick, imagemagick, inkscape, irfanview, iridient developer, kolourpaint, lazpaint, libreoffice draw, lightzone, lview pro, macromedia freehand, neopaint, omnigraffle, paint.net, phatch, photo mechanic, photogenics, photoperfect, photoscape, picasa, picmonkey, pictor paint, pixbuilder photo editor, pixelmator, pixia, pixlr.com, pmview, project dogwaffle, qfx, rawstudio, rawtherapee, sai, serif drawplus, serif photoplus, shotwell, sk1, sodipodi, svg-edit, swift 3d, tux paint, tvpaint, ufraw, ulead photoimpact, unified color hdr photostudio, vector graphics editor, xara photo & graphic designer, xara xtreme lx, xnview, xpaint, zoner photo studio"
graphql,tool,
groovy,esco,"groorvy software development, groovy programming language, groovy software techniques"
hadoop,tool,
handle cybersecurity incidents,esco,"analyse cybersecurity incidents, handle cybersecurity incidents in production facilities, monitor security logs, monitor the security of digital systems, respond to cyber incidents"
handle data samples,esco,"collect data samples, handle data samples for statistical purposes, manage data samples"
handle explosives,esco,"control explosives, control explosives in accordance with laws, controlling explosives in accordance with laws, explosives control in accordance with laws, explosives management, explosives management in accordance with legislation, manage explosives, manage explosives in accordance with legislation, management of explosives, management of explosives in accordance with legislation, managing explosives, managing explosives in accordance with legislation, managing of explosives in accordance with legislation"
handle fragile items,esco,"administer fragile items, conduct fragile items, deal with fragile items, fragile item handling, handle a fragile item, handling fragile items, operate with fragile items"
handle frozen semen,esco,"identify and handle frozen semen, thaw the straws of frozen semen"
handle personal identifiable information,esco,"handle and store personal information, handle passenger data, handle personal information, handle personally identifiable information, handled personal identifable information"
handle saw securely,esco,"activate saw securely, handle saws securely, handling saw securely, operate saw securely, run saw securely, use saw securely"
handle touristic quantitative data,esco,"collect quantitative data from the tourist sector, gather numerical data regarding the tourist sector, handle quantitative touristic data, handle tourist quantitative data"
handle warranty for digital equipment,esco,
hardware testing methods,esco,"computer hardware testing methods, in-circuit test, ongoing reliability test, ort, testing methods for computer hardware, testing methods for hardware"
have computer literacy,esco,"be computer-literate, computer literacy, demonstrate computer literacy, have good computer literacy"
hazardous freight regulations,esco,"dangerous cargo regulations, dangerous freight regulations, hazardous cargo regulations, legal codes governing transportation of dangerous materials, legal codes governing transportation of hazardous materials, legal provisions applying to dangerous freight, legal provisions applying to hazardous freight, regulations on dangerous cargo, regulations on dangerous freight, regulations on hazardous cargo, regulations on hazardous freight, regulatory frameworks governing transportation of hazardous materials"
health care legislation,esco,"healthcare laws and regulations, healthcare legislation, medical law, patient's rights and practitioners' responsibilities"
health informatics,esco,"application of health information technology, field of health informatics, field of health information technology, field of healthcare informatics, science of health informatics, science of healthcare informatics, use of health information technology"
healthcare analytics,esco,"health care analytics, health care data analytics, health data analytics, healthcare data analytics"
healthcare data systems,esco,"health care data systems, healthcare data system, healthcare data system types, healthcare user data management, types of healthcare data systems"
human-computer interaction,esco,hci
hybrid model,esco,"hybrid model, hybrid model fundamentals, hybrid model principles, knowledge of hybrid model, theory of hybrid model"
hydrotherapy,esco,"hydrotherapies, use of water for pain relief, use of water for treatment"
hyperparameter tuning,concept,
hypothesis testing,concept,
ibm informix,esco,"informix advanced enterprise edition, informix advanced workgroup edition, informix dynamic server, informix enterprise edition, informix express edition, informix extended parallel server, informix workgroup edition"
ibm infosphere datastage,esco,"cognos data manager, ibm infosphere datastage workgroup edition, infosphere datastage mvs edition"
ibm infosphere information server,esco,ibm infosphere information server platform
ibm websphere,esco,websphere application server
ict accessibility standards,esco,"accessibility standards and guidelines, assistive technology standards, digital accessibility standards"
ict architectural frameworks,esco,"ict architectural framework, ict architectural requirements, ict architectural structure"
ict debugging tools,esco,"ict testing tools, software debugging tools"
ict encryption,esco,"asymmetric cryptography, public-key cryptography, secure sockets layer, ssl, symmetric-key algorithm, tls, transport layer security"
ict network cable limitations,esco,"ict network line limitations, ict network wire limitations"
ict network routing,esco,"ict network processes, ict network routing processes, ict network routing techniques, ict network techniques"
ict network security risks,esco,"ict network security threats, information systems security risks"
ict network simulation,esco,"ict network simulation methods, ict network simulation systems, ict network simulation tools"
ict networking hardware,esco,"computer networking devices, ict networking devices"
ict process quality models,esco,"cmm, cmmi (capability maturity model integrated), quality maturity models, software process quality"
ict project management methodologies,esco,"agile, benefits realization management, code and fix development, critical chain project management, extreme project management, prince2, project management framework, project management software, scrum, software development methodologies, structured methodology"
ict recovery techniques,esco,"ict recovery methods, ict recovery techniques for corrupted data, ict recovery techniques for corrupted software components, ict recovery techniques for damaged and corrupted software components, ict recovery techniques for hardware"
ict security legislation,esco,"cyber-security regulation, ict law, legal aspects of computing, network and information security legislation"
ict security standards,esco,"cyber security compliances, cyber security frameworks, cyber security standards, ict security compliances, ict security frameworks, information security compliances, information security frameworks, information security standards, it security compliances, it security frameworks, it security standards"
ict software specifications,esco,"ict application specifications, ict programme specifications, ict software specification, ict software specifying, ict system specifications, specify use of ict software"
ict system programming,esco,"network programming, server side programming"
id tech,esco,id tech software
identify digital competence gaps,esco,identify areas for improvement in digital skills
identify ict security risks,esco,"identify ict security risks and threats, model ict threats"
identify ict system weaknesses,esco,"identify cyber infrastructure vulnerabilities, identify vulnerabilities of a cyber infrastructure"
identify software for warehouse management,esco,"determine software for warehouse management, discover warehouse management software, identify applications for warehouse management, identify software applications for warehouse management, recognize software for warehouse management"
identify statistical patterns,esco,"assess statistical patterns, determine statistical patterns, evaluate statistical patterns, examine statistical patterns, identify statistical pattern, identifying statistical patterns"
immunotherapy,esco,"immunotherapies, increasing body's immune system's activity against disease, therapy to increase immune system activity"
implement a firewall,esco,"firewall implementing, implement network firewall, implementing a firewall, implementing network firewall, install a firewall, install a network security firewall, installing a firewall, installing a network security firewall, network firewall implementing"
implement a virtual private network,esco,"implement a vpn, implementing a virtual private network, implementing a vpn, install a vpn, installing a virtual private network, installing a vpn, virtual private network implementing, virtual private network installing, vpn implementing, vpn installing"
implement anti-virus software,esco,"anti-malware software installing, anti-virus software implementing, anti-virus software installing, implementing anti-virus software, install anti-malware software, install anti-virus software, installing anti-malware software, installing anti-virus software, load malware protection, loading malware protection"
implement data quality processes,esco,verify data
implement data warehousing techniques,esco,implement data warehousing solutions
implement ict coding conventions,esco,"implement it coding conventions, promote ict coding conventions"
implement ict network diagnostic tools,esco,use network diagnostics tools
implement ict security policies,esco,"apply on-line safety guidelines, apply on-line security guidelines, ict safety policies implementing, implement computer network safety policies, implement computer network security policies, implement ict safety policies, implementing computer network safety policies, implementing ict safety policies, on-line safety guidelines applying, on-line security guidelines applying"
implement landscaping projects,esco,"assist landscape projects, assisting landscape projects, implement landscape projects, implementing landscape projects, landscape project assisting, landscape project implementing, landscape projects assisting, landscape projects implementing"
implement route planning in smart mobility services,esco,"calculate journeys, recommend journeys, use route planning software"
import export regulations of dangerous chemicals,esco,"import export laws of dangerous chemicals, import export legislation of dangerous chemicals, import export regulating of dangerous chemicals, import export regulation of a dangerous chemical, import export regulation of dangerous chemicals, import export rules of dangerous chemicals, import export statutes of dangerous chemicals"
in-circuit test,esco,"assess pcbs, assess printed circuit boards, check manufacture of pcbs, check manufacture of printed circuit boards, fict, fixtureless in-circuit test, ict, in-circuit testing, testing in-circuit"
increase the impact of science on policy and society,esco,"boost the contribution of science to shaping policies and society, enhance the impact of science influence on policy and society, enhance the influence of science on governance and communities, influence decision making based on scientific evidence"
industrial software,esco,"continuing professional development in industrial tools and software, industrial application of software, manufacturing software, scheduling software, software for engineering applications, software for manufacturing, software for production processes, software used in industrial"
information architecture,esco,"data architecture, information system design"
information confidentiality,esco,"consumer data privacy, data access control, data confidentiality"
information retrieval,concept,
information structure,esco,"data infrastructure, data structuring methods, types of data infrastructure"
inspect carrier documents,esco,"carry out inspections of official written and digital carrier documents, check carrier documentation, check carrier documents, conduct inspections of carrier documentation, conduct inspections of carrier documents, examine carrier documentation, examine carrier documents, inspect carrier documentation, inspect official written and digital carrier documentation, perform inspections of carrier documentation, perform inspections of carrier documents, review carrier documentation, review carrier documents"
inspect data,esco,"appraise data, assess data, check data, data inspection, inspecting data, inspection of data, look at data"
inspect rail flaws,esco,"inspect rail from track inspection vehicle, inspect rails from track inspection vehicle, inspecting rail from track inspection vehicle, inspecting rails from track inspection vehicle, inspection of rail from track inspection vehicle, inspection of rails from track inspection vehicle, monitor condition of rails, monitor rail conditions, monitoring rail conditions, rail condition monitoring, use sensors to check condition of rails, using sensors to check condition of rails"
install electrical and electronic equipment,esco,"build electric and digital components and systems, build electrical and electronic equipment, construct electric and digital components and systems, construct electrical and electronic equipment, institute electric and digital components and systems, institute electrical and electronic equipment, introduce electric and digital components and systems, introduce electrical and electronic equipment"
install software,esco,"computer software installing, computer software loading, install computer software, installing computer software, installing of computer software, installing of software, installing software, load computer software, load software, loading computer software, loading of computer software, loading of software, loading software, software installing, software loading"
instruct library users in digital literacy,esco,"instruct library users, instructing library users, teach library users, train library users"
instructional design models,esco,instructional design methods
integrate and re-elaborate digital content,esco,modify and integrate digital content
integrate ict data,esco,combine ict data
integrated circuit types,esco,"analogue integrated circuits, digital integrated circuits, ic types, mixed-signal integrated circuits, range of integrated circuits, types of ic, types of integrated circuit, typology of integrated circuit"
integrated development environment software,esco,"anjuta, borland c++ builder, code::blocks, codeforge, codelite, dev-c++, dialogblocks, ide, mingw developer studio, netbeans, philasmicos entwickler studio, spe, wxhatch, zeus ide"
intellectual property law,esco,"intellectual property laws, intellectual property legislation, intellectual property regulation, intellectual property rules, intellectual property statutes, the law of intellectual property, the laws of intellectual property"
intellectual property regime of digital content,esco,"copyright and licenses related to digital content, digital content ipr"
interact through digital technologies,esco,"able to use online communication tools, apply online communication tools, communicate in digital environments, communicate on-line, interact through ict, make use of online communication tools, use e-mail software and services, use online communication tools, using online communication tools, utilise online communication tools"
interact verbally in javanese,esco,"communicate verbally in javanese, speak basa jawa, speak cara jawa, speak javanese, verbally interact in javanese"
international commercial transactions rules,esco,"international commerce transaction rules, international commercial transaction rule, international commercial transaction rules, international commercial transactions laws, international commercial transactions legislation, international commercial transactions regulations, international commercial transactions statutes"
international import export regulations,esco,"international import and export regulations, international import export laws, international import export legislation, international import export regulation, international import export rules, international import export statutes, international imports and exports regulations"
international maritime organisation conventions,esco,"codes of the international maritime organisation, conventions of the imo, conventions of the international maritime organisation, imo best practice in international shipping, imo codes, imo conventions, imo practice of international shipping, imo regulations, imo regulatory framework, imo shipping standards, international maritime organisation best practice in international shipping, international maritime organisation codes, international maritime organisation practice of international shipping, international maritime organisation shipping standards, international maritime organization conventions"
interpret automatic call distribution data,esco,"automatic call distribution data interpretation, clarify automatic call distribution data, decipher automatic call distribution data, explain automatic call distribution data, interpret automatic calls distribution data, interpreting automatic call distribution data, solve automatic call distribution data"
interpret current data,esco,examine current data
interpret data in food manufacturing,esco,"clarify data in food manufacturing, decipher data in food manufacturing, explain data in food manufacturing, interpret data in food manufacture, interpret the data in food manufacturing, understand data in food manufacturing"
interpret extraction data,esco,"extraction data interpretation, extraction data processing, interpretation of extraction data, interpreting extraction data, interpreting of extraction data, process extraction data, processing extraction data, processing of extraction data"
interpret geophysical data,esco,"assess geophysical data, geophysical data assessment, geophysical data interpretation, interpretation of geophysical data, interpreting geophysical data, interpreting of geophysical data, understanding geophysical data, understanding of geophysical data"
interpret laboratory data in medical genetics,esco,"analyse laboratory data in medical genetics, analyze laboratory data in medical genetics, interpret lab data in medical genetics, interpret research data in medical genetics, undertake diagnostic studies in medical genetics"
interpret scientific data to assess water quality,esco,"analyse scientific data to assess water quality, analyse water quality data, analysing scientific data to assess water quality, analysing water quality data, assess water quality data, assessing water quality data, interpret water quality data, interpreting water quality data, scientific data analysing to assess water quality, scientific data interpreting to assess water quality"
interpret seismic data,esco,"analyse seismic data, analysing of seismic data, analysing seismic data, analysis of seismic data, interpretation of seismic data, interpreting of seismic data, interpreting seismic data, seismic data analysis, seismic data interpretation"
interpret sport games rules,esco,"interpret rules and laws in the spirit of the sport during the competition, interpret rules in sport games, interpret rules of sport games, understand sport rules"
investigate contamination,esco,"check for contamination, checking for contamination, contamination checking, contamination investigating, contamination testing, investigating contamination, test for contamination, testing for contamination"
investigate pollution,esco,"investigating pollution, pollution investigating, pollution testing, test for pollution, testing for pollution"
java,programming,"java, java 2, java 2 enterprise edition"
javanese,esco,"ability to comprehend spoken and written javanese and to speak and write in javanese, basa jawa, cara jawa, competent in javanese"
javascript,programming,"client-side javascript, csjs, escript, js, live script, mocha, server-side javascript"
javascript framework,esco,
jenkins,devops,"jenkins, jenkins ci, jenkins continuous integration server"
jira,tool,
john the ripper,esco,john the ripper
joomla,esco,joomla software
jsss,esco,javascript style sheets
jupyter,tool,jupyter notebook
kali linux,esco,"kali docs, kali linux distribution, kali nethunter, kali penetration testing tool, kali tools"
keep up with digital transformation of industrial processes,esco,"follow digital transformation of industrial processes, follow digital transformation of industry, keep pace with digital transformation of industrial processes, keep up to date with digital transformation of industrial processes, keep up with digital transformation of industry"
keep up-to-date to computer trends,esco,"hold up-to-date to computer trends, keep an up-to-date to computer trend, keeping up-to-date to computer trends, retain up-to-date to computer trends, save up-to-date to computer trends, store up-to-date to computer trends"
keep up-to-date to design industry trends,esco,"arrange up-to-date to design industry trends, develop up-to-date to design industry trends, keep an up-to-date to design industry trend, keep up-to-date to design industry trend, keep up-to-date with design industry trends, model up-to-date to design industry trends, produce up-to-date to design industry trends"
keep up-to-date with regulations,esco,"keep up-to-date with any regulations, keep up-to-date with laws, keep up-to-date with ordinances, keep up-to-date with regulation, keep up-to-date with rules, keep up-to-date with statutes"
keras,library,
keywords in digital content,esco,metadata tagging
kinesitherapy,esco,"kinesiatrics, kinesiotherapy, kinesitherapeutic, kinesitherapist"
kubernetes,devops,k8s
labour law,esco,"labor law, labour laws, labour rules and regulations, labour statutes, workers' law"
landscape architectural instruments,esco,"impact of laws and codes pertaining to landscape architecture, implications of laws and codes pertaining to landscape architecture, range of landscape architectural instruments and codes, range of laws and codes pertaining to landscape architecture, scope of landscape architectural instruments and codes, scope of laws and codes pertaining to landscape architecture, types of landscape architectural instruments and codes, typology of landscape architectural instruments and codes"
landscaping materials,esco,"cement for landscaping purposes, characteristics of landscaping materials, gravel for landscaping purposes, materials for landscaping, pebbles for landscaping purposes, range of landscaping materials, soil for landscaping purposes, types of landscaping materials, typology of landscaping materials, wood chips for landscaping purposes, wood for landscaping purposes"
law of obligation,esco,"law of obligations, laws of obligation, laws of obligations, legislation of obligation, regulation of obligation, rule of obligation, statute of obligation"
laws on the transportation of dangerous goods,esco,"legal provisions on the transportation of dangerous goods, legal regulations governing the transportation of dangerous goods, legal regulations governing the transportation of hazardous material, legal requirements governing the transportation of dangerous goods, legal requirements governing the transportation of hazardous material, legislation on the transportation of dangerous goods, transportation of dangerous goods law, transportation of dangerous goods legislation"
laws regulating serving alcoholic drinks,esco,"laws regulating service of alcoholic drinks, laws to regulate service of alcohol drinks, liquor legislation and regulation, regulations for the sale of alcoholic drinks"
lay out digital written content,esco,"format digital written content, lay out digital written contents, laying out digital written content, paginate digital written content"
leadership,soft skill,
lean manufacturing,esco,"ace achieving competitive excellence, business excellence, manufacturing excellence, operational excellence, pdca, process excellence, total productive maintenance, wcm world class manufacturing"
leather physical testing,esco,"leather physical testing machines usage, leather physical tests, physical testing of leather, physical tests for leather, usage of leather physical testing machines, usage of physical testing machines for leather properties"
legal environment in music,esco,music related laws and regulations
legal requirements in the social sector,esco,"laws and regulations in the social sector, legal requirements for the social sector, legislation in the social sector, legislative and regulatory requirements in the social sector, social sector's legal requirements"
legislation about animal origin products,esco,"animal origin products legislation, laws about animal origin products, legislation of animal origin products, legislation regarding animal origin products, precedents about animal origin products, regulations about animal origin products, rules about animal origin products"
level crossing regulations,esco,"grade crossing regulations, laws governing operation of level crossings, legal codes governing operation of level crossing, legal procedures for operation of level crossings, legal requirements governing operation of level crossings, level crossing operating regulations, railroad crossing regulations, railway crossing regulations, regulations for level crossings, train crossing regulations"
levels of software testing,esco,software integration testing
liaise with celebrities,esco,"interact with celebrities, liaise with celebrity, liaising with celebrities, network with celebrities, schmooze with celebrities"
liaise with film exhibitors,esco,"interact with film exhibitors, liaise with film exhibitor, liaising with film exhibitors, network with film exhibitors, schmooze with film exhibitors"
liaise with financiers,esco,"interact with financiers, liaise with financier, liaising with financiers, network with financiers, schmooze with financiers"
liaise with genetic laboratories,esco,"collaborate with genetic laboratories, collaborate with genetic laboratory, communicate with genetic laboratories, communicate with genetic laboratory, connect with genetic laboratories, connect with genetic laboratory, contact genetic laboratories, contact genetic laboratory, keep contact with genetic laboratories, liaise with genetic testing room, liaise with genetic testing rooms"
liaise with politicians,esco,"collaborate with political operators, collaborate with politicians, connect with political operators, connect with politicians, network with political operators, network with politicians, work with political operators, work with politicians"
liaise with transportation companies,esco,"conduct communication processes with transportation companies, coordinate with transport companies, coordinate with transportation companies, develop networks with transportation companies, establish relationships with transportation companies, liaise with transport companies, make connections with transportation companies, negotiate with transportation companies"
liaise with well test engineers,esco,"build relationships with well test engineers, building of relationships with well test engineers, building relationships with well test engineers, coordinate with well test engineers, coordination with well test engineers, liaise with well testing engineers, liaising with well test engineers, liaising with well testing engineers, liaison with well test engineers, liaison with well testing engineers, well test engineers liaison, well testing engineers liaison"
lift safety legislation,esco,"lift safety, lift safety laws, lift safety regulations, lift safety rules, local legislation, local lift safety laws, local lift safety legislation, local lift safety regulations, local lift safety rules, safety legislation regarding lifts"
lightgbm,library,
link data between all inland business units,esco,"connect data between all inland business divisions, connect data between all inland business units, connect data between all inland operational units, ensure information sharing between all inland business divisions, ensure information sharing between all inland business units, establish data connections between all inland business divisions, establish data connections between all inland business units, establish data links between all inland business divisions, establish data links between all inland business units, link data between all inland business divisions, link data between all inland operational units"
linux,devops,
lisp,esco,"lisp algorithms, lisp coding techniques, lisp programming paradigms, lisp software development principles, lisp software development techniques"
machine learning,concept,"machine learning models, ml, semi-supervised learning, supervised learning, unsupervised learning"
machine translation,esco,"automatic translation, cat tranlsation, computer-assisted translation, machine translating"
macro-regional strategy,esco,"large-scale regional strategic framework, large-scale regional strategy, macro-regional development plan"
maintain a central project repository,esco,"maintain a central project database, preserve a central project database, preserve a central project repository"
maintain computer hardware,esco,"computer hardware maintaining, computer hardware repairing, maintaining computer hardware, repair computer hardware, repairing computer hardware"
maintain computerised records of railway traffic,esco,"keep digital records of rail operations, keep digital records of railroad activities, keep digital records of railroad operations, keep digital records of railway activities, keep digital records of railway operational, maintain computer records of rail traffic, maintain computer records of railroad traffic, maintain computer records of railway traffic, maintain computerised records of rail traffic, maintain computerised records of railroad traffic"
maintain control systems for automated equipment,esco,"check control systems for automated equipment, maintain controlling systems for automated equipment, maintain systems to control automated equipment, repair control systems for automated equipment, update software for electronic equipment"
maintain customer records,esco,"collect data about visitors, complete customer files, enter data into system, maintain customer history profiles, maintain customers' records, maintain passenger name record, maintain personal name record, maintain records of customer, store customer records, update customer records"
maintain data entry requirements,esco,uphold data entry requirements
maintain database performance,esco,execute database maintenance
maintain database security,esco,keep database security
maintain freelance database,esco,"conserve database, maintain database, maintain databases, maintaining database, preserve database, repair database, upkeep database"
maintain genetic registers,esco,"keep a genetic register, keep genetic data, keep genetic registers, maintain genetic register"
maintain healthcare user data confidentiality,esco,"comply with confidentiality of health care users' data, comply with confidentiality of healthcare users' data, keep health care user data confidential, keep healthcare user data confidential, maintain health care user data confidentiality"
maintain ict server,esco,"diagnose server hardware faults, repair hardware faults"
maintain information network hardware,esco,"keep information network hardware in good condition, keep up information network hardware, maintain network hardware, maintaining information network hardware, oversee information network hardware"
maintain landscape site,esco,"landscape site maintaining, landscape sites maintaining, landscaping maintaining, maintain landscaping, maintaining landscape site, maintaining landscaping"
maintain logistics databases,esco,"carry out logics database maintenance activities, ensure logistical databases remain up to date, ensure logistics databases remain up to date, keep logistical databases, keep logistics databases, maintain databases of logistical information, maintain databases of logistics information, maintain logistical databases, perform logistics database maintenance activities, update logistical databases, update logistics databases"
maintain media integration equipment,esco,"check media integration equipment, maintain media integration software, manage integrated media tools, repair media integration equipment, repair media integration tools"
maintain personal development in psychotherapy,esco,"apply personal development techniques as a psychotherapist, develop and monitor personal qualities as psychotherapist, maintain psychotherapeutical personal development, uphold personal development in psychotherapy"
maintain physiotherapy equipment,esco,"ensure maintenance of physiotherapy equipment, maintain equipment for physio-therapy, maintain equipment for physiotherapy, maintain physio-therapy equipment, maintain physiotherapist's equipment, maintain physiotherapists' equipment, maintain physiotherapy tools"
maintain pricing database,esco,"control pricing database, maintain a pricing database, maintain pricing databases, maintaining a pricing database, manage pricing database, preserve pricing database, sustain pricing database"
maintain psychological well-being,esco,"balance working time and personal life, maintain work-life balance, protect the psychological wellbeing, pursue mental wellbeing, safely use digital technologies"
maintain service record book,esco,"complete service record book, ensure data in service record book remains up to date, fill in service record book, insert data into service record book, keep track of service record book, maintain data in service record book, monitor and maintain service record book, record activities in service record book, record data in service record book"
maintain warehouse database,esco,"ensure that database used in warehouse is up-to-date, ensure updating of warehouse database, ensure warehouse database is up-to-date, ensure warehouse database is updated, keep up-to date warehouse database, keep warehouse database, keep warehouse database up-to-date, maintain up-to-date warehouse database, update information in warehouse database, update warehouse database"
maintain waste collection records,esco,"maintaining waste collection records, retain waste collection data, retaining waste collection data, waste collection data retaining, waste collection records maintaining"
make data-driven decisions,esco,take decisions based on data
make decisions regarding landscaping,esco,"decision making regarding landscaping, judgement making regarding landscaping, make decisions about landscaping, make judgements about landscaping, make judgements regarding landscaping, making decisions about landscaping, making decisions regarding landscaping, making judgements about landscaping, making judgements regarding landscaping"
maltego,esco,"maltego cybersecurity tool, maltego digital forensics tool, maltego forensics"
manage business knowledge,esco,"formalise knowledge in ict-system, manage information and knowledge, manage knowledge, model ontologies"
manage chemical testing procedures,esco,"managing chemical testing procedures, oversee chemical testing procedures, overseeing chemical testing procedures, supervise chemical testing procedures, supervising chemical testing procedures"
manage cloud data and storage,esco,"cloud storage and data management, create cloud data retention, implement cloud data protection, manage cloud data encryption, manage cloud data retention"
manage computer-based transport operation control systems,esco,"ensure transfer of digital information between control centres and transport units, manage computer transport operation control systems, manage computer transportation operation control systems, manage computer-based transport operation control systems;, manage computer-based transportation operation control systems, manage performance of computer-based transport control systems, manage transfer of digital information between control centres and transport unit, monitor performance of computer-based transport control systems, oversee computer transport operation control systems, oversee computer-based transport operation control systems, oversee computer-based transportation operation control systems, oversee performance of computer transport control system"
manage content metadata,esco,"manage content, manage metadata"
manage data,esco,"administer data, data administration, data resource management, manage data lifecycle, operate data quality tools"
manage data collection systems,esco,oversee data collection methods
manage data for legal matters,esco,"collect data for legal matters, organise data for legal analysis, prepare data for legal processes"
"manage data, information and digital content",esco,"manage digital content information, manage digital data"
manage database,esco,implement database theory
manage digital archives,esco,"maintain digital archives, manage digital archive, managing digital archives, oversee digital archives"
manage digital documents,esco,"alfresco standard network, athento smart document management, bluedoc, docpoint, docstar eclipse, docuxplorer, dokmee, enterprise content management, filecenter pro, filehold, filenet content manager, m-files dms, manage digital files, managing digital documents, nuxeo document management, onedrive, paperport pro, sivadoc"
manage digital identity,esco,protecting privacy and identity on the internet
manage digital libraries,esco,"coordinate digital libraries, handle digital libraries, manage a digital library, managing digital libraries"
manage dispatch software systems,esco,"administer dispatch software systems, administer systems of dispatch software, conduct dispatch software management activities, manage computer programmes used in dispatching operations, manage dispatch software, manage dispatch software systems;, manage software systems used in dispatching, manage systems of dispatch software, oversee computer programmes used in dispatching operations, oversee dispatch software, oversee dispatch software systems, oversee software systems used in dispatching, perform dispatch software management activities"
manage donor database,esco,"create and update donor database, create and update donor databases, handle donor database, manage database of donors, manage donor databases"
manage electricity transmission system,esco,"electricity power network managing, electricity transmission system managing, managing electricity power network, managing electricity transmission system"
manage ethical dilemmas in genetic testing,esco,"address ethical dilemmas in genetic testing, consider ethical dilemmas of genetic testing, cope with ethical dilemmas in genetic testing, handle ethical dilemmas in genetic testing, make ethical assessments about the suitability of genetic testing, make ethical judgements about the information to be gained through genetic testing, make judgements about the ethical limits of genetic testing, understand the ethical dilemmas that accompany genetic testing, work with an awareness of the ethical dilemmas that accompany genetic testing"
manage findable accessible interoperable and reusable data,esco,"ensure corrected data storing, ensure data availability, ensure data reusability, support data reuse in research"
manage flight data communications programme,esco,"ensure effective exchange of digital flight data between pilots and air traffic control, facilitate transmission of flight data through management of digital communication programmes, manage data communication programme, manage exchange of digital flight data between pilots and air traffic control, manage exchange of flight data in aviation operations, manage flight data communications program, manage transmission of flight data in aviation operations, oversee data communication programme, oversee flight data communication programme, supervise data communication programme, supervise flight data communication programme"
manage gas transmission system,esco,"gas transmission network overseeing, gas transmission networks overseeing, gas transmission system managing, gas transmission systems managing, managing gas transmission system, overseeing gas transmission network"
manage guest support services,esco,"manage guests' support services, manage support services for guests, offer customer support, provide excellence in customer service"
manage healthcare users' data,esco,"handle patients documentation, maintain patients' records and data, manage data of healthcare user, manage patients' records and data"
manage ict data architecture,esco,define enterprise data architecture
manage ict data classification,esco,"lead ict data classification responsabilities, organise ict data classification responsibilities"
manage ict semantic integration,esco,"coordinate ict semantic integration, handle ict semantic integration, manage ict semantic database integration, manage ict semantic integration processes, oversee ict semantic integration"
manage ict virtualisation environments,esco,"manage containerization, manage ict virtualization machines, manage virtualisation of servers and workstations"
manage keys for data protection,esco,manage data protection keys
manage landscape design projects,esco,"landscape design projects managing, landscape design projects preparing, manage design projects in landscaping, managing design projects in landscaping, managing landscape design projects, prepare design projects in landscaping, prepare landscape design projects, preparing design projects in landscaping, preparing landscape design projects"
manage membership database,esco,"operate association database, operate membership database, oversee association database, oversee membership database, supervise association database, supervise membership database"
manage meteorological database,esco,"coordinate meteorological databases, manage meteorological databases, managing meteorological database, managing meteorological databases, monitor meteorological databases, oversee meteorological databases, supervise meteorological databases"
manage mine site data,esco,"collect mine spatial data, collect spatial data, collecting mine spatial data, collecting spatial data, manage site data, management of mine site data, managing mine site data, managing of mine site data, managing site data, mine site data management"
manage mineral testing procedures,esco,"management of mineral testing procedures, managing mineral testing procedures, managing of mineral testing procedures, mineral testing procedures management, oversee minerals testing, overseeing minerals testing, oversight of minerals testing, supervise minerals testing, supervising minerals testing, supervision of minerals testing"
manage product testing,esco,"manage product tests, manage testing of products, managing product testing, oversee product testing, supervise product testing"
manage quantitative data,esco,"gather data, handle numerical data, interpret data, manage data quantitatively, managing quantitative data, organise data, present data, process data"
manage radiology information system,esco,"develop and maintain radiology information system, handle radiology information system, manage and distribute radiological images and data, manage radiology information systems, manage radiology-information system"
manage research data,esco,"administer research data, handle research data, oversee scientific data"
manage software localisation,esco,"manage software transference process, organise software transference process, oversee software localisation"
manage software releases,esco,"analyse and approve software development releases, approve software release process"
manage standards for data exchange,esco,set standards for data transformation
manage system testing,esco,"oversee testing of hardware, oversee testing of software"
manage temporary ict networks for live performance,esco,"coordinate live performance technology, manage dmx for performing art, manage midi for performing art, manage rdm for performing art, manage timecode control signals for performing art"
manage time in landscaping,esco,"landscaping scheduling, landscaping time managing, schedule landscaping, scheduling landscaping, time managing in landscaping"
manage transport of goods from warehouse facilities,esco,"deal with goods transported from warehouses, define warehouse transportation networks for goods, handle commodities transported from warehouse facilities, manage materials transported from warehouse facilities, manage warehouse commodities, manage warehouse goods, transport goods from warehouse facilities, transport products from warehouse facilities"
manage water quality testing,esco,"managing water quality testing, supervise water quality testing, supervising water quality testing, water quality test supervising, water quality testing managing, water quality tests supervising"
manufacturing of metal structures,esco,"assembling construction frameworks and skeletons, assembling metal structures, building construction frameworks and skeletons, building metal structures, constructing construction frameworks and skeletons, constructing metal structures, erecting construction frameworks and skeletons, erecting metal structures"
marker making,esco,"determining the most efficient layout of pattern pieces, marker diagram, marker making by hand, marker making by manipulating and plotting computerised pattern images, marker making by manipulating and plotting computerized pattern images"
marketing analytics,esco,marketing data analytics
marklogic,esco,"marklogic non-relational database, marklogic nosql database"
massage types,esco,"classifications of massages, different types of massage, forms of massage, kinds of massage, massage therapies, types of massage, variety of massage forms, variety of massage techniques, variety of massage therapies, variety of massage treatments"
materials for interior design,esco,"arrangement for interior design, development for interior design, material for an interior design, material for interior designs, materials for an interior design, models for interior design"
mathematical modelling,esco,"mathematical computation, mathematical representation, mathematical simulation"
mathematics,esco,"calculation, field of mathematics, mathematical subjects, maths, numeracy, quantitative data, solid modeling, study of mathematics"
matlab,esco,"matlab algorithms, matlab coding techniques, matlab programming paradigms, matlab software development principles, matlab software development techniques"
matplotlib,library,
"maxillo-facial, oral, and dental surgery",esco,"dental, face, jaws and skull, maxillo-facial, mouth, oral and dental surgeries, oral and maxillo-facial surgery, surgical interventions to treat injuries of the teeth, types of dental surgery"
maxillofacial surgery,esco,"maxillo-facial surgery, maxillofacial surgeries, surgical interventions to treat injuries of the face and jaws"
measure software usability,esco,"perform software usability testing, usability evaluation"
media and information literacy,esco,"digital information literacy, digital literacy, digital media literacy, literacy of digital media aspects, media content literacy"
media law,esco,"media laws, media legality, media legislation, media norms, media regulation, media rules, media standards"
medical device regulations,esco,"international medical device regulations, laws covering medical devices, legislation covering medical devices, national medical device regulations, regulations concerning medical devices, regulations controlling medical devices, regulations regarding medical devices, rules covering medical devices"
medical device test procedures,esco,"medical device testing methods, medical device testing procedures, methods for testing medical devices, procedures for testing medical devices, test methods for medical devices, test procedures for medical devices, testing methods for medical devices, testing procedures for medical devices"
medical informatics,esco,"informatics for medicine, medical data informatics, medical-informatics"
medical statistics,esco,"biostatistical methods, medical application of statistics, medical research using statistics, statistical analysis of medical practice"
metal bending techniques,esco,"approaches used to bend sheet metal, metal bending approaches, metal bending methods, methods used to shape sheet metal, shaping of sheet metal, sheet metal bending approaches, sheet metal bending methods, sheet metal bending techniques, sheet metal shaping, techniques used to bend sheet metal"
metasploit,esco,metasploit penetration testing tool
microprocessors,esco,"chips, computer micro-processors, computer microprocessors, micro-chips, micro-processors, microchips"
microsystem test procedures,esco,"micro-system test procedures, micro-system test protocols, test procedures for micro-systems, test procedures for microsystems, test protocols for micro-systems, test protocols for microsystems, testing procedures for micro-systems, testing procedures for microsystems, testing protocols for micro-systems, testing protocols for microsystems"
migrate existing data,esco,drift existing data
mine safety legislation,esco,"mine safety laws, mine safety regulations, mines safety legislation, mining safety codes of practice, mining safety laws, mining safety legislation, safety legislation regarding mines, safety legislation regarding mining"
minerals laws,esco,"laws about minerals, laws about mining, laws relating to minerals, laws relating to mining, legal aspects of minerals, legal framework for minerals, legal framework for mining"
ml,esco,"ml, ml development principles, ml systems"
mlflow,devops,
mobile device software frameworks,esco,"android software frameworks, cell phone device software frameworks, ios software frameworks, mobile phone software frameworks, windows phone software frameworks"
mobility as a service,esco,"digital technologies for mobility services, maas, mobility services through digital technologies, shared mobility services, sustainable mobility services"
model based system engineering,esco,"mbse, mbse methodology, model based system engineering methodology"
model deployment,concept,
model electrical system,esco,"electrical system modelling, electrical system simulating, electrical systems modelling, electrical systems simulating, modelling an electrical system, modelling electrical system, simulate electrical system, simulating electrical system"
model electromagnetic products,esco,"electro-magnetic product modelling, electro-magnetic product simulating, electro-magnetic products modelling, electro-magnetic products simulating, electromagnetic product modelling, electromagnetic product simulating, electromagnetic products modelling, electromagnetic products simulating, model electro-magnetic products, modelling electro-magnetic products, modelling electromagnetic products, simulate electromagnetic products, simulating electro-magnetic products, simulating electromagnetic products"
model electromechanical systems,esco,"electro-mechanical system modelling, electro-mechanical system simulating, electro-mechanical systems modelling, electro-mechanical systems simulating, electromechanical system modelling, electromechanical system simulating, electromechanical systems modelling, electromechanical systems simulating, modelling an electro-mechanical system, modelling an electromechanical system, modelling electro-mechanical systems, modelling electromechanical systems, simulate electro-mechanical systems, simulate electromechanical systems, simulating an electro-mechanical system, simulating an electromechanical system, simulating electro-mechanical systems, simulating electromechanical systems"
model evaluation,concept,
model groundwater,esco,"analyse groundwater characteristics, analysing groundwater characteristics, analysing of groundwater characteristics, analysis of groundwater characteristics, groundwater characteristics analysis, groundwater flow modelling, groundwater modelling, modelling groundwater, modelling groundwater flow, modelling of groundwater, modelling of groundwater flow"
model hardware,esco,"computer hardware modelling, computer hardware simulating, hardware modelling, hardware simulating, model computer hardware, modelling computer hardware, modelling hardware, simulate computer hardware, simulating computer hardware, simulating hardware"
model medical devices,esco,"medical device modelling, medical device simulating, medical devices modelling, medical devices simulating, modelling medical devices, simulate medical devices, simulating medical devices"
model microelectronics,esco,"micro-electronics modelling, micro-electronics simulating, microelectronics modelling, microelectronics simulating, model micro-electronics, modelling micro-electronics, modelling microelectronics, simulate micro-electronics, simulate microelectronics, simulating micro-electronics, simulating microelectronics"
model mineral deposits,esco,"develop geological model, developing geological model, developing of geological model, development of geological model, geological model development, mineral deposit modelling, mineral deposits modelling, modelling mineral deposits, modelling of mineral deposits"
model monitoring,concept,
model optical systems,esco,"modelling optical systems, optical system modelling, optical system simulating, optical systems modelling, optical systems simulating, simulate optical systems, simulating optical systems"
model power electronics,esco,"assess power electronics viability, design power electronics systems, simulate power electronics"
model sensor,esco,"modelling sensor, sensor modelling, sensor simulating, simulate sensor, simulating sensor"
model sets,esco,"build a set, construct a set, model a set"
mongodb,database,nosql
monitor airspace planning,esco,"improve airspace planning through processing airspace data, improve use of airspace through processing airspace data, monitor use of airspace, perform airspace planning monitoring, perform airspace use monitoring, process airspace data to improve airspace planning, survey airspace planning, survey use of airspace, track airspace planning, track use of airspace"
monitor broadcast programming,esco,"check broadcast programming, consult broadcast programming, manage programming, monitor programming, monitoring programming, oversee programming, read broadcast programming, read programming, review broadcast programming, supervise programming"
monitor gauge,esco,"check gauge, monitor gage, monitor gauge data, monitor gauges, monitor metered and associated data, oversee gauge, supervise gauge"
monitor patients during clinical tests,esco,"lead a clinical pharmacological study, lead a clinical pharmacology study, lead a study for medication testing, lead clinical pharmacology studies, lead clinical study on drug action"
monitor programming finances,esco,"keep watch on programming finances, monitor finances of programs, monitor programming finance, monitoring programming finances, oversee programming finances, track programming finances"
monte carlo simulation,esco,"monte carlo method, monte carlo model"
museum databases,esco,"museum archives, museum database, museum database management, museum databases functionality and architecture, museum digital records, museum records"
mysql,database,"mysql classic edition, mysql cluster cge, mysql embedded (oem/isv), mysql enterprise edition, mysql standard edition"
named entity recognition,concept,ner
national pesticide legislation,esco,"national legislation for pesticides, national pesticide laws, national pesticide regulations, national pesticide rules, national pesticides legislation"
national road network,esco,"national road system, national road transport network, national road transportation network, national road transportation system, public road network at national level, public road system at national level, public road transport network at national level, public road transportation system at national level"
natural language processing,concept,nlp
negotiate on asset value,esco,"negotiate asset value, negotiate capital value, negotiate value of assets"
network analysis,concept,graph analysis
network engineering,esco,network architecture
network management system tools,esco,network management system components
network marketing,esco,"direct marketing, marketing network, mlm, multi-level marketing"
network standards,esco,"network codes, network guidelines, network protocols"
network with store owners,esco,"collaborate with store owners, network with owners of stores, network with store owner, networking with store owners, work together with store owners"
network within the writing industry,esco,"collaborate within writing industry, networking within writing industry, teaching writing, work together within writing industry"
networkx,library,
neural networks,concept,ann
neuroscience,esco,neural science
news analytics,esco,"headline analytics, news analyses, news analysis"
newsletter analysis,esco,"newsletter analyses, newsletter analytics, newsletter’s analysis"
nexpose,esco,rapid7 nexpose
nltk,library,natural language toolkit
non-destructive testing,esco,"non-destructive analysis, non-destructive assessment, non-destructive check, non-destructive evaluation, non-destructive examination, non-destructive test, non-destructive tests"
normalise data,esco,"normalize data, perform data pre-processing, prepare data"
nosql,esco,"nosql database management system, nosql non-relational database, not only sql database management system, not only sql non-relational database"
numerical sequences,esco,"a numerical sequence, digital sequence, numerical sequence, numerical sequencing, sequence of digits"
numpy,library,np
object oriented programming,concept,oop
object-oriented modelling,esco,"knowledge of object-oriented modelling, object-oriented modeling, object-oriented paradigm"
octopus deploy,esco,octopus deploy software program
office software,esco,"office application, office it software, office operating system, office programme, office soft-ware"
oil rig legislation,esco,"environmental laws, environmental legislation, environmental regulation, legislation about oil rigs, legislation affecting oil rigs, legislation concerning oil rigs, legislation impacting on oil rigs, oil rig regulation, regulation about oil rigs, regulation affecting oil rigs, regulation concerning oil rigs, regulation impacting on oil rigs"
omnipage,esco,"omnipage computer program, omnipage computer program for printed images conversion, omnipage for text recognition from images, omnipage ocr program for scanned documents, omnipage ocr software, omnipage software, omnipage software for images conversion"
online analytical processing,esco,"cube databases, olap, olap databases"
open source model,esco,
opencv,library,cv2
openedge database,esco,"openedge rdbms, openedge rdbms advanced enterprise edition, progress openedge relational database management system"
operate 2d cad for footwear,esco,"design footwear in 2d with cad software, design footwear in 2d with computer-aided design software, operate 2d cad software for footwear pattern engineering, operate 2d computer-aided design for footwear pattern engineering, use 2d cad for footwear engineering, use 2d computer-aided design for footwear pattern engineering"
operate 3d computer graphics software,esco,use 3d visualization and processing software
operate band saw,esco,"activate band saw, control band saw, handle band saw, operate band saws, operating band saw, run band saw, use band saw"
operate chainsaw,esco,"carry out chainsaw operations, chain saw using, chainsaw using, control chainsaw, cut with chain saw, cut with chainsaw, cutting with chain saw, cutting with chainsaw, execute activities using chainsaws, handle chainsaw, manipulate chainsaw, perform activities using chainsaws, perform chainsaw operations, perform tasks using chainsaws, use chain saw, use chainsaw, using chain saw, using chainsaw, utilise chainsaw"
operate computerised control systems,esco,"operate computerised systems for production control, operate computerized control systems, operate computerized systems for production control, use computerised control systems, use computerised systems for production control, use computerized control systems, use computerized systems for production control"
operate crosscut saw,esco,"activate crosscut saw, control crosscut saw, handle crosscut saw, operate crosscut saws, operating crosscut saw, run crosscut saw, use crosscut saw"
operate digital hardware,esco,"apply ict peripherals, carry out practical tasks with smart devices, use digital devices, use hardware, use hardware components, use ict hardware, use ict peripherals, use keyboard, use mouse, use smart ict devices, work with computer hardware and peripherals"
operate digital printers,esco,"activate digital printers, control digital printers, handle digital printers, operate digital printer, operating digital printers, run digital printers, use digital printers"
operate landscaping equipment,esco,"landscaping equipment operating, landscaping equipment using, landscaping service equipment using, landscaping tool using, operate equipment for landscaping, operating equipment for landscaping, operating landscaping equipment, use equipment for landscaping, use equipment for landscaping work, use landscaping equipment, use landscaping service equipment, use landscaping tools, use tools for landscaping work, using equipment for landscaping, using landscaping equipment"
operate on-board computer systems,esco,"carry out on-board vehicle computer operations, conduct operations using on-board computer systems, execute on-board vehicle computer operations, operate on-board vehicle computer systems, perform on-board vehicle computer operations, perform operations using on-board computer systems, use on-board computer systems, use on-board vehicle computer systems, utilise on-board computer systems, utilise on-board vehicle computer systems"
operate open source software,esco,"know open-source coding practices, know open-source licensing schemes, know open-source software coding practices, know open-source software licensing schemes, manage open-source software"
operate rail-flaw-detection machine,esco,"detect rail flaws through use of locomotive, identify rail flaws through use of locomotive, operate equipment for rail-flaw-detection, operate rail-flaw-detection equipment, operate rail-flaw-detection machines, use locomotive to detect rail flaws, use locomotive to identify rail flaws, use rail-flaw-detection-machine, use specialist equipment to detect rail flaws, use specialist equipment to identify rail flaws, utilise rail-flaw-detection machines"
operate relational database management system,esco,dbms
operate signal generator,esco,"arbitrary waveform generator operating, digital pattern generator operating, frequency generator operating, function generator operating, microwave signal generator operating, pitch generator operating, rf signal generator operating, tone generator operating"
operate stowage programmes,esco,"conduct stowage activities with stowage programme, operate computerised stowage systems, operate stowage programs, operate stowage software, perform actions using computerised stowage programmes, use computerised stowage systems, use stowage programmes, use stowage software, utilise computerised stowage systems, utilise stowage programmes, utilise stowage software"
operate testbeds,esco,"carry out test bed operations, control test beds, facilitate equipment testing through controlling test beds, facilitate equipment testing through operation of test beds, facilitate testing of equipment through use of test beds, perform test bed operations, undertake test bed operations, use test beds, utilise test beds, work with test beds"
operate tram system monitoring equipment,esco,"ensure effective tram services through use of monitoring equipment, ensure tram safety through use of monitoring equipment, monitor tram services using specialist equipment, operate monitoring equipment for tram systems, operate tram network monitoring systems, operate tram system monitoring screens, use equipment to ensure trams are running to schedule, use equipment to monitor tram services, use tram network monitoring equipment, use tram system monitoring equipment, utilise tram system monitoring equipment"
optical character recognition software,esco,"(a9t9) freeocr, anydoc software, asprise ocrsdk, cuneiform, dynamsoft ocr sdk, expervision typereader & rtk, freeocr, gocr, leadtools, mathocr, meocr, microsoft office document imaging, microsoft office onenote 2007, nicomsoft ocr sdk, ocr, ocrad, ocrfeeder, ocropus, puma.net, readsoft, scantron, simpleocr, smartscore, tesseract"
oracle application development framework,esco,oracle adf
oracle data integrator,esco,odi
oracle database,database,oracle
oracle relational database,esco,"oracle rdb, rdb"
oracle weblogic,esco,oracle weblogic server
organisational structure,esco,"an organisational structure, organisation structures, organisational blueprint, organisational framework, organisational plan, organisational role allocation, organisational structures, organizational structure"
orthodontics,esco,"dentofacial orthopaedics, dentofacial orthopedics, diagnosis and correction of malpositioned teeth and jaws, orthodontia"
outsourcing model,esco,obs
oversee development of software,esco,"coordinate development of applications, coordinate development of software, manage the development of a software, monitor development of software, oversee development of applications"
oversee wetlands in project development,esco,"manage wetlands in project development, monitor wetlands in project development, organize wetlands in project development, overseeing of wetlands in project development, overseeing wetlands in project development, supervise wetlands in project development"
pack electronic equipment,esco,"pack computerised devices, pack electronic devices, packing electronic equipment"
pack fragile items for transportation,esco,"fragile item packing for transportation, fragile item preparing for transportation, fragile items packing for transportation, fragile items preparing for transportation, packing fragile items for transportation, prepare fragile items for transportation, preparing fragile items for transportation"
pandas,library,
participate as observer in different types of audits in the food sector,esco,"engage as an observer in different types of audits in the food sector, join as an observer in different types of audits in the food sector, participate as an observer in different types of audits in the food sector, participate as observer in different types of audit in food sector, take part as an observer in different types of audits in the food sector, work as an observer in different types of audits in the food sector"
particle animation,esco,"particle animation software, particle based animation, particle simulation software, particles movement simulation"
pascal,esco,pascal
patient record storage,esco,"compilation of patient data, compilation of patient records, patient data storage, storage of patient records"
pca,concept,principal component analysis
penetration testing tool,esco,"burpsuite, ca-examine, chkpwd, cisco secure scanner, cops, gamascan, hackershield, hobgoblin, i.c.u.mvs, ip360 vulnerability management system, metasploit, nfsbug, nmap, ntcrack, ntellect, output of a penetration test, pansec, penetration testing software, phonesweep, pmutil, quickinspector, s10scan, sam internet scanner, sam system scanner, sfprotect mobile, sfprotect server, trojan, vam, webinspect"
pentaho data integration,esco,"pdi, pentaho kettle"
perform backups,esco,"backup data, backup ict system"
perform clinical coding procedures,esco,"carry out clinical coding procedures, carry out clinical coding processes, classify patient illnesses and treatments using clinical codes, conduct clinical coding procedures, conduct clinical coding processes, match patient illnesses and treatments to appropriate clinical codes, perform clinical coding, perform clinical coding processes, record information on patient condition using clinical codes, record patient illnesses and treatments using clinical codes, use clinical codes to classify patient illnesses and treatments"
perform computer analyses of geotechnical structures,esco,"assess geotechnical structures through use of a computer, assess geotechnical structures with a computer, carry out computer analyses of geotechnical structures, carry out computer analysis of geotechnical structures, conduct computer analyses of geotechnical structures, conduct computer analysis of geotechnical structures, conduct computer-aided evaluations of geotechnical structures, perform computer analysis of geotechnical structures, perform computer analyzes of geotechnical structures, undertake computer analysis of geotechnical structures, undertake computer-aided evaluations of geotechnical structures, utilise a computer to analyse geotechnical structures"
perform data analysis,esco,"analyse data performance, complete data analysis, implement data analysis, perform analysis of data, performing data analysis, undertake data analysis"
perform data cleansing,esco,"complete data cleansing, data cleansing performance, implement data cleansing, perform a data cleanse, performing data cleansing, undertake data cleansing"
perform data mining,esco,"mine data, use model data"
perform diagnostic testing for allergies,esco,"carry out diagnostic testing for allergies, employ diagnostic testing for allergies, perform diagnostic allergenic testing, perform diagnostic tests for allergies, perform tests for allergenic reactions, test for allergies"
perform dimensionality reduction,esco,"data feature engineering, data feature extraction, data feature selection, kohonen self-organizing map, multidimensional scaling, t-distributed stochastic neighbor embedding, t-sne"
perform educational testing,esco,"carry out educational testing, conduct educational testing, implement educational testing, performing educational testing, performs educational testing, practice educational testing"
perform energy simulations,esco,"carry out energy analyses, carry out energy simulations, conduct energy simulations, run energy assessments models, run energy simulations"
perform failure analysis of production process,esco,"accelerated testing, avoidance of single point of failure, dynamic reliability block-diagram analysis, failure mode and effect analysis, fault tree analysis, functional failure analysis, rca and rcfa, reliability hazard analysis and modelling, root-cause and root-cause failure analysis, testability analysis"
perform forensic preservations of digital devices,esco,conduct forensic preservations of digital devices
perform ground maintenance activities,esco,"do landscaping maintenance activities, perform gardening activities, perform ground maintenance activity, performing ground maintenance activities"
perform hydrodynamics calculations,esco,"calculate liquid flow velocity, calculate liquid properties, calculate system hydrodynamics, gather data for hydrodynamics calculations, perform calculations to determine the behaviour of liquids in motion"
perform ict security testing,esco,prepare and apply security test plans
perform intra-operative neuromonitoring,esco,"conduct intra-operative neuromonitoring, perform intra-operative neuro-monitoring, perform intraoperative neuromonitoring, perform investigations to monitor neural structures"
perform laboratory testing on samples of animals,esco,"carry out laboratory tests on samples of animals, conduct laboratory testing on samples of animals, conduct laboratory tests on samples of animals, interpret laboratory tests on samples of animals, perform laboratory testing on animal samples, perform laboratory testing on sample of animal, perform laboratory testing on samples of an animal"
perform laboratory tests,esco,"carry out laboratory tests, conduct laboratory tests, engage in laboratory tests, laboratory testing, performing laboratory tests"
perform liquid penetrant tests,esco,"carry out liquid penetrant tests, conduct liquid penetrant tests, engage in liquid penetrant tests, liquid penetrant testing, liquid penetrant tests, performing liquid penetrant testing"
perform oil tests,esco,"oil sample tests, oil sampling, oil test performance, oil tests, performance of oil tests, performing of oil tests, performing oil tests, sample oil, sampling of oil, sampling oil, test oil, use oil testing equipment"
perform online data analysis,esco,"complete online data analysis, implement online data analysis, perform an online data analysis, performing an online data analysis, performing online data analysis, undertake online data analysis"
perform pestel analysis,esco,"carry out pestel analysis, conduct analysis using pestel framework, conduct pestel analysis, perform analysis using pestel framework"
perform physical stress tests on models,esco,"accomplish physical stress tests with models, carry out physical stress tests with models, complete physical stress tests with models, conduct physical stress test with models, do physical stress tests with models, execute physical stress tests with models, organise physical stress test with models, perform a physical stress test on models"
perform product testing,esco,"complete inspection of finished products, complete product testing, execute inspection of finished products, execute product testing, implement inspection of finished products, implement product testing, undertake inspection of finished products, undertake product testing"
perform rail track inspections,esco,"conduct rail network inspections, conduct railway track inspections, implement railway track inspections, inspect rail track, inspect rail track to ensure functionality and safety, inspect railway track, inspect railway track to ensure safety and functionality, perform inspections of rail track, perform inspections of railway tracks, perform rail network inspections, perform railway network inspections, perform railway track inspections, perform track inspections"
perform road testing of vehicles,esco,"complete road testing, implement road testing, perform a road test, perform road testing, performing a road test, performing road testing, undertake road testing"
perform routine lube oil tests,esco,"analyse lubrication oils in engineering systems, assess lubrication oils in engineering systems, conduct routine lube oil tests, conduct routine lubrication oil tests, perform routine lube oil testing, perform routine lubrication oil testing, perform routine lubrication oil tests, test lubrication in engineering systems, test lubrication oils in engineering systems"
perform safety data analysis,esco,"analyse safety data to determine safety threats, analyse safety data to identify safety threats, conduct analysis of safety data, conduct safety analyses using database information, conduct safety data analysis, evaluate safety data, evaluate safety data to determine safety threats, perform analysis of safety data, perform assessments of safety data, perform safety data assessment, use information from safety databases to analyse threats to safety, utilise information from safety bases to analyse threats to safety"
perform sample testing,esco,"performance of sample testing, performing of sample testing, performing sample testing, sample testing, sample testing performance, sampling, sampling equipment use, take samples, taking samples, testing samples, use of sampling equipment, using of sampling equipment, using sampling equipment"
perform scrambling operations,esco,"carry out data encoding, carry out encoding, encode data, encode messages, encoding data, encoding messages, perform message scrambling operations, performing message scrambling operations, performing scrambling operations, scrambling operations performing, undertake data encoding, undertake encoding"
perform screening for infectious diseases,esco,"perform screening for infectious disease, perform screenings for infectious diseases, perform testing for infectious diseases, screen and test for infectious diseases"
perform software recovery testing,esco,perform software crash and recovery testing
perform software unit testing,esco,perform unit testing
perform test run,esco,"complete system testing procedures, complete test run, execute system testing procedures, execute test run, implement system testing procedures, implement test run, undertake system testing procedures, undertake test run"
perform toxicological studies,esco,"apply toxicological testing methods, carry out toxicological studies, perform toxicological study, perform toxicological tests"
perform vehicle tests,esco,"carry out vehicle tests, conduct vehicle tests, examine and maintain vehicles, execute vehicle tests, inspect and maintain vehicles, perform mots, perform testing of vehicles, perform vehicle inspection activities, perform vehicle maintenance testing activities, undertake vehicle tests"
perform virtual simulation,esco,"carry out virtual simulation, conduct digital simulation"
perform water testing procedures,esco,"performance of water testing procedures, performing of water testing procedures, performing water testing procedures, test water, testing ph of water, testing water, water ph testing, water ph tests, water testing, water testing procedures performance"
personalise sports programme,esco,"personalise programmes of sports, personalise sport programming, personalize sports program, plan a tailor-made fitness programme, use programme personalisation"
pharmaceutical legislation,esco,"pharmaceutical laws, pharmaceutical norms, pharmaceutical regulations"
pharmacy law,esco,"legal framework for pharmacy activities, pharmacy laws, pharmacy laws and regulations"
physical science applied to paramedical practice,esco,"applied physics in paramedical practice, laws of physics relevant for paramedical practice, physical science applied to paramedical practices, physical sciences applied to paramedical practice, principles and theories of physics applied to paramedical practice"
physics,esco,"concepts in physics, concepts of physics, laws of physics, natural science, physical science, study of matter"
place orders for computer products,esco,"place an order for computer products, place order for a computer product, place orders for computer brands, place orders for computer commodities, place orders for computer goods, place orders for computer merchandise, place orders for computer stock, placing orders for computer products"
plan digital marketing,esco,"develop digital marketing strategies, manage internet advertising, plan marketing digitally"
plan social media marketing campaigns,esco,"organise digital campaigns, organise social media marketing campaigns"
plan software testing,esco,oversee software testing plans
play therapy,esco,"counseling using play to communicate, counselling using play to communicate, play therapies, play therapy techniques, play-therapy"
plotly,library,
pose for artistic creation,esco,"be a model for artistic creation, pose as a model, pose for an artist, sit for an artist, sit for artistic creation"
pose in front of a camera,esco,"model in front of a camera, pose for a camera, posing in front of a camera, sit in front of a camera, stand in front of a camera"
pose nude,esco,"be a nude model for artistic creation, model naked, model naked for artistic creation, model nude, model nude for artistic creation, pose naked, pose naked for artistic creation, pose nude for artistic creation"
postgresql,database,postgres
power bi,visualization,powerbi
practise veterinary professional codes of conduct,esco,"adhere to animal related legislation, adhere to veterinary health and safety legislation, practice according to veterinary professional codes of conduct, practice veterinary professional code of conduct, practice veterinary professional codes of conduct, practice veterinary professional codes of conduct within national and eu laws"
predictive maintenance,esco,"pdm, predictive and preventative maintenance, predictive maintenance techniques, predictive models for maintenance, total predictive maintenance"
prepare cost-plus pricing models,esco,"arrange cost-plus pricing models, develop cost-plus pricing models, plan cost-plus pricing models, prepare a cost-plus pricing model, preparing a cost-plus pricing model, preparing cost-plus pricing models, provide cost-plus pricing models, supply cost-plus pricing models"
prepare digital art for master photograph,esco,"digital art preparation for master copy, digital art preparation for master photograph, prepare and photograph digital art, prepare digital art for master copy, produce digital art for master copy, produce digital art for master photograph, produce photograph master of digital art"
prepare samples for testing,esco,"preparation of samples for testing, preparation of test sample, preparation of test samples, preparing of samples for testing, preparing samples for testing, sample preparation for testing, sample taking for testing, take samples for testing, taking of samples for testing, taking samples for testing, taking test sample, taking test samples"
prepare visual data,esco,"arrange visual data, find visual data, get visual data ready, identify visual data"
prepare well data sheets,esco,"compilation of well data sheets, compile well data sheets, preparation of well data sheets, preparing of well data sheets, preparing well data sheets, well data sheet compilation, well data sheet preparation, well data sheet preparing"
prescribe advanced nursing care,esco,"apply advanced nursing practice, prescribe advanced care in nursing, prescribe advanced therapies in nursing care, prescribe evidence-based therapies and medication"
prescribe topical therapy,esco,"prescribe a topical therapy, prescribe topical medication for skin deseases, prescribe topical medication in dermatology, prescribe topical therapies"
present reports,esco,"prepare statistical reports, present a report, submit presentation"
press law,esco,"press laws, press legislation, press norms, press regulations, press standards, press statues"
principles of artificial intelligence,esco,"artificial intelligence in process, principles of ai"
printed circuit boards testing methods,esco,"aoi, automated optical inspection, in-circuit test, joint test action group test, jtag test, methods for testing pcbs, methods for testing printed circuit boards, pcb testing methods, pcbs testing methods, testing methods for printed circuit boards"
probability,concept,
problem solving,soft skill,
problem-solving with digital tools,esco,"finding solutions with ict tools and hardware, ict tools and hardware problem solving, problem-solve with ict tools and hardware, problem-solving with ict hardware and tools, problem-solving with information and communication technologies tools and hardware, resolving issues with ict tools and hardware"
procedural law,esco,"procedural laws, procedural rules and regulations, procedural statutes"
process collected survey data,esco,"analyse survey data, analysing of survey data, analysing survey data, analysis of survey data, collected survey data processing, processing collected survey data, processing of collected survey data, processing survey data, survey data analysis, survey data processing"
process data,esco,"analyse data, convert data, data processing, handle data, measure data, processing data, processing of data, refine data"
process data from railway control rooms,esco,"analyse data from railway control rooms, assess data from railway control rooms, conduct railway control room data processing activities, evaluate data from railway control rooms, perform railway control room data processing activities, process control room data to ensure effective railway operations, use control room data to ensure effective railway operations, use control room data to inform railway operations, utilise data from railway control rooms"
procurement of ict network equipment,esco,"alcatel-lucent, avaya, ciena, ericsson, juniper networks, nec, network equipment vendors"
produce materials for decision making,esco,"compile materials for decision making, gather data for decision making, produce materials for governing, produce materials for management"
produce statistical financial records,esco,"administer statistical financial records, complete statistical financial records, create statistical financial records, produce a statistical financial record, producing a statistical financial records, producing statistical financial records, provide statistical financial records"
product data management,esco,"coordinate product data, manage product data, management of product data, monitor product data, oversee product data, supervise product data"
products coding system,esco,"a product coding system, brands coding system, commodities coding system, goods coding system, merchandise coding system, product coding systems, products coding systems, stock coding system"
program firmware,esco,"firmware programming, permanent software programming, program permanent software, programme firmware, programme permanent software, programming firmware, programming permanent software"
program home alarm systems,esco,"home alarm system programming, home alarm system set up, home alarm system setting up, programming home alarm systems, programming of home alarm systems, set up home alarm system, setting up home alarm systems, setting up of home alarm systems"
program lift controller,esco,"configuration of lift controller, configure lift controller, configuring lift controller, lift controller configuration, lift controller programming, programming lift controller, programming of lift controller"
program sound cues,esco,"program and rehearse sound cues, program cues for sound, programming sound cues, rehearse sound cues"
programmable logic controller,esco,"computer control system, logic controller that is programmable, plc, plc technology, technology of plcs"
project anarchy,esco,"project anarchy design tools, project anarchy development environments, project anarchy game design tools, project anarchy game development toolset, project anarchy mobile game engine, project anarchy software framework, project anarchy toolset"
project management,concept,
prolog,esco,prolog
promote human rights,esco,"advocate for human rights, promote human right laws"
property management software,esco,"pms, property operations software, real estate management software"
protect health and well-being while using digital technologies,esco,"assure health and well-being while using digital technologies, ensure compliance with health and well-being practices while using digital technologies, ensure health and well-being protection while using digital technologies, safeguard health and well-being while using digital technologies, secure health and well-being while using digital technologies"
protect ict devices,esco,"addtech controls, adt access control, agnitum outpost firewall, avg anti-virus, avs firewall, bitdefender antivirus, cleanmail home, cloudmark desktopone pro, eset nod32 antivirus, honeywell managed access control, identicard systems premisys, implement private ict user security measures, implement spam-ware, kaspersky anti-virus, keep ict devices safe, kingsoft antivirus, mailwasher pro, matrix systems access control, mcafee antivirus, norton security deluxe, protect ict device, protect information and communication technologies devices, protect personal data, safeguard ict devices, set up passwords and private settings, spamfighter, take care of ict devices, tyco integrated security managed access control, up-date online security measures, use anti-virus software, zone alarm firewall"
protect personal data and privacy,esco,"defend online privacy and identity, keep online privacy and identity secure, protect digital identity, protect digital privacy, protect online privacy and identity, review online privacy settings, safeguard online identity and privacy, safeguard online privacy and identities, safeguard online privacy and identity, safeguarding online privacy and identity, take action to ensure online privacy"
protect the environment from the impact of the digital technologies,esco,
provide early intervention therapy to infants,esco,"identify young children with developmental delays, offer early intervention therapy to infants, provide early intervention therapies to infants, provide early intervention therapy to an infant, provide early intervention therapy to young children"
provide information on geological characteristics,esco,"create geological model, creating geological model, creating of geological model, creation of geological model, geological characteristics information provision, geological model creation, information provision on geological characteristics, providing information on geological characteristics, providing of information on geological characteristics, provision of information on geological characteristics"
provide information on train routes,esco,"advice on train network, answer questions on train routes, explain rail network, inform customers about rail routes, provide information on train lines"
provide legal legitimacy to the transfer of assets,esco,"give legal legitimacy to the transfer of assets, provide legal legitimacy to the transfer of asset, providing legal legitimacy to the transfer of assets"
provide neuromusculoskeletal therapy,esco,"give neuromusculoskeletal therapy, offer neuromusculoskeletal therapies, offer neuromusculoskeletal therapy, provide neuromusculoskeletal therapies"
provide software testing documentation,esco,"provide software test procedures documentation, provide software testing procedures"
provide therapy of the visual system,esco,"apply suitable treatment methods to visual system, offer vision therapy, provide therapies of the visual system, provide vision therapy"
proxy servers,esco,nginx web server
psychomotor therapy,esco,"psychomotor education, psychomotor observation and therapy, psychomotor therapies"
public housing legislation,esco,"council and social housing laws, council and social housing regulations, council and social housing rules, public housing laws, public housing regulations, public housing rules"
puppet,esco,puppet
pursue excellence in the creation of food products,esco,"aim for excellence in the creation of food products, look for excellence in the creation of food products, pursue excellence in the creation of a food product, seek excellence in the creation of food products"
put uncut recordings into computer,esco,"digitalise uncut recordings, input uncut recordings into computer, put uncut recording into computer, putting uncut recordings into computer"
pyrotechnic articles legislation,esco,"firework bylaws, firework legislation, firework regulations, firework rules, firework statutes, pyrotechnic articles bylaws, pyrotechnic articles regulations, pyrotechnic articles rules, pyrotechnic articles statutes"
pyspark,library,
pytest,library,
python,programming,"py, python, python 3k"
pytorch,library,torch
quality prototype of a tobacco leaf,esco,"quality example of a tobacco leaf, quality mock-up of a tobacco leaf, quality model of a tobacco leaf, quality precursor of a tobacco leaf, quality prototype of tobacco leaves, tobacco leaf quality prototype"
quantitative analysis,esco,quantitative data analysis
quantitative sensory testing,esco,"method of quantitative sensory testing, paradigm of quantitative sensory testing, principles of methods of quantitative sensory testing, quantitative sensory examination, quantitative sensory measurement"
query languages,esco,".ql, concept-oriented, cqlf, datalog, dmx, f-logic, fql, gellish, htsql, isbl, mql, ocl, opath, oql, ottoql, poliqarp, quel, rdql, reql, spl, suprtool, tmql, xpath, xsparql, yql"
r,programming,r software
radiotherapy,esco,"radiation therapies, radiation therapy, radiotherapies, rt, rtx, therapy using ionised radiation, therapy using ionized radiation, xtr"
rage,esco,"rage, rage for digital game creation, rage software for digital game creation, rage software framework"
railway framework legislation,esco,"international railway framework legislation, international railway network law, international railway network legislation, laws governing railway frameworks, laws governing railway networks, legal provisions on railway frameworks, legal regulations on railway frameworks, legal regulations on railway networks, rail framework legislation, rail framework regulation, railroad framework legislation, railroad framework regulation, railway framework regulation"
rapid application development,esco,"rapid application development methodology, rapid application development model"
read ship operational data,esco,"analyse ship operational data, analyse vessel operational data, interpret ship operational data, interpret vessel operational data, make interpretations of ship operational data, make interpretations of vessel operational data, read operational data of ships, read operational data of vessels, read vessel operational data, use ship operational data to identify and prevent potential problems, use vessel operational data to identify and prevent potential problems, utilise operational data from ships to inform actions, utilise vessel operational data to inform actions"
read technical datasheet,esco,"examine technical datasheet, read technical data sheet, read technical datasheets, read technical dossier, reading technical datasheet, study technical datasheet"
real-time computing,esco,"real-time computing systems, real-time data systems"
recognise signs of wood rot,esco,"check for wood rot, checking for wood rot, recognising signs of wood rot, recognition of signs of wood rot, recognize signs of wood rot, signs of wood rot recognition, test for wood rot, testing for wood rot"
recommendation systems,concept,
reconstruct program theory,esco,"define program theory through key contextual understanding, develop theory of change, formulate program theory, model program theory"
record customers' personal data,esco,"archive customers' personal data, compendium customers' personal data, directory customers' personal data, record a customers' personal data, recording a customers' personal data, recording customers' personal data"
record data from biomedical tests,esco,"analyse data from biomedical tests, analyze data from biomedical test, record data from a biomedical test, record data from biomedical test, use it to record and analyse data from biomedical tests"
record healthcare users' billing information,esco,"note down healthcare users' billing information, note down healthcare users' billing informations, note down healthcare users' invoicing information, record healthcare users' billing data, record healthcare users' invoice data, record healthcare users' invoicing information, record healthcare users' invoicing informations, record healthcare users' payment information, report healthcare users' invoicing information, write down healthcare users' billing information, write down healthcare users' invoicing information"
record malting cycle data,esco,"document malting cycle data, file malting cycle data, note malting cycle data, record of malting cycle data, recording malting cycle data, report malting cycle data"
record production data,esco,"chronicle production data, document production data, evidence production data, file production data, production data recording, recording production data"
record production data for quality control,esco,"chronicle machinery fault statistics for quality assurance, chronicle production data for quality control, document machinery fault statistics for quality assurance, document production data for quality control, evidence record machinery fault statistics for quality assurance, evidence record production data for quality control, file machinery fault statistics for quality assurance, file production data for quality control, keep records of production data for quality control"
record survey data,esco,"collate survey data, collating survey data, collation of survey data, process survey data, processing survey data, record survey measurements, recording of survey measurements, recording survey measurements, survey measurement recording, survey measurements recording"
record test data,esco,"document test data, record data of tests, record experiment data, record trial data"
record the outcome of psychotherapy,esco,"keep track of outcomes of psychotherapies, keep track of psychotherapeutic results, record outcome of psychotherapy, record outcomes of psychotherapies, record results of psychotherapy"
recurrent neural network,concept,rnn
redis,database,
refraction of the eye,esco,"refraction of the eyes, refractive error examination, refractive error testing"
regression,concept,linear regression
regulations on substances,esco,"laws on substances, legislation on substances, regulation of substances, regulation on a substance, regulations on a substance, rules on substances, statutes on substances"
reinforcement learning,concept,rl
remove computer virus or malware from a computer,esco,"clean malware-infected computer, clean virus-infected computer, cleaning malware-infected computer, cleaning virus-infected computer, computer virus or malware removing from a computer, remove malware from a computer, remove virus from a computer, removing computer virus or malware from a computer, removing malware from a computer, removing virus from a computer"
render 3d images,esco,"convert 3d wire frame models into 2d images, employ specialised tools to render 3d images, use 3d non-photorealistic effects to render 3d images, use 3d photorealistic effects to render 3d images, use computer tools to render 3d images"
repair laminated structures,esco,"perform repair on laminated structures, repair laminated boat parts, repair laminated constructions, repair laminated frameworks"
replicate customer software issues,esco,"analyse customer software issues, analyse customer software problems, replicate customer software problems, simulate customer software issues, simulate customer software problems"
report analysis results,esco,use data reporting
report anomalies in aircraft interiors,esco,"communicate interior faults in aircraft to managers, ensure managers are made aware of defects in aircraft interiors, identify and communicate defects in aircraft interiors, identify and communicate problems with aircraft interiors, perform reporting activities for defects in aircraft interiors, report aircraft interior anomalies, report anomalies in the aircraft, report defects in aircraft interiors, report faults in aircraft interiors, report flaws in aircraft interiors"
resource description framework query language,esco,"rdf query language, sparql"
respect data protection principles,esco,"comply with data protection regulations, follow data protection principles, respect principles for data protection, respect protection of data principles"
rest api,tool,restful api
review meteorological forecast data,esco,"analyse meteorological forecast data, assess meteorological forecast data, evaluate meteorological forecast data, evaluate weather forecast data, make assessments of weather forecast data, perform analysis on meteorological forecast data, review meteorological data, review weather forecast data, survey meteorological forecast data, use meteorological forecast data to anticipate weather conditions, use meteorological forecast data to predict weather conditions"
review patient's medical data,esco,"assess patient's medical data, assess patients' medical data, assess relevant medical information, review medical data of a patient, review patients' medical data"
risk modelling,esco,risk quantification
road traffic laws,esco,"legal standards for road traffic, legislation governing road traffic, legislation governing travel on roads, regulations for road traffic, road traffic legal codes, road traffic legislation, road traffic rules, rules of the road, traffic laws"
ruby,esco,ruby
run a media server,esco,"carry out planned installation of media system, operate a media server, run a server for the media, running media servers"
run a projection,esco,"operate a projector and it's sources, operate projection equipment, project images, run a digital projection"
salt,esco,salt
samurai web testing framework,esco,"owasp samurai wtf, samuraiwtf"
sap data services,esco,"sap, sap analytics cloud"
sas data management,esco,sas data management software
sas language,esco,"sas algorithm, sas algorithms, sas coding, sas principles for software development, sas programming language, sas techniques for software development, sas testing"
scala,programming,scala programming language
scientific modelling,esco,"scientific model, scientific modeling, scientific models, scientific reproduction, scientific simulation"
scikit-learn,library,sklearn
scratch,esco,scratch
screen reader,esco,"assistive technology for reading, text-to-speech software"
screenwriting theories,esco,"screenwriting concepts, screenwriting ideas, screenwriting models, screenwriting strategies, screenwriting theory"
scrum,methodology,
seaborn,library,
search databases,esco,"consult databases, look through databases, research in databases, search database, searching databases"
security,concept,
security engineering,esco,"information security engineering, network security engineering, security management, systems security engineering"
security of assets legislation,esco,"assets legislation security, security of asset legislation, security of holdings laws, security of holdings legislation, security of holdings rules"
security regulations,esco,"security laws, security norms, security regulation, security requirements, security standards"
security threats,esco,"cyber/digital/it/ict security dangers, cyber/digital/it/ict security risks, cyber/digital/it/ict security threats, physical security dangers, physical security hazards, physical security risks, physical security threats, security dangers, security hazards, security risks, security threat, threats to cyber/digital/it/ict security, threats to physical security, threats to security"
seismic measurement techniques,esco,"measurement techniques in seismology, process seismic data, processing seismic data, seismic data mapping techniques, seismic mapping techniques, seismic measuring techniques, techniques in seismic data mapping, techniques in seismic mapping, techniques in seismic measurement, techniques in seismic measuring"
select soap shaping plate,esco,"choose soap shaping plate, choosing soap shaping plate, selecting soap shaping plate, soap shaping plate choosing, soap shaping plate selecting"
selenium,library,
sell consumer electronics,esco,"sell digital equipment, sell electronic equipment, sell electronics, sell home electronics, selling consumer electronics"
sell gaming software,esco,"barter gaming software, dispose of gaming software, gaming software sales, gaming software selling, market gaming software, selling gaming software, trade gaming software"
sell software maintenance contracts,esco,"barter software maintenance contracts, dispose software maintenance contracts, market software maintenance contracts, sell a software maintenance contract, selling a software maintenance contract, selling software maintenance contracts, trade software maintenance contracts"
sell software personal training,esco,"barter software personal training, dispose software personal training, market software personal training, selling software personal training, software personal training sales, to sell software personal training, trade software personal training"
sell software products,esco,"barter software products, dispose software products, market software products, sell a software product, selling software products, software product sales, trade software products"
sentiment analysis,concept,
service-oriented modelling,esco,"ict service models, saas, saas model, service oriented models, service-oriented modeling, software as a service"
set management priorities in pipeline networks,esco,"analyse pipeline infrastructure to determine operational priorities, analyse pipeline networks to determine operational priorities, assess pipeline infrastructure to determine operational priorities, direct management priorities in pipeline networks, direct priorities in priorities in pipeline infrastructure networks, establish management priorities in pipeline networks, establish priorities in pipeline networks, evaluate pipeline networks to determine operational priorities, manage priorities in pipeline networks, prioritise the activities performed in pipeline networks, prioritise the tasks performed in pipeline networks, set priorities in pipeline networks"
set quality assurance objectives,esco,"develop qa framework, develop qc framework, develop quality assurance framework, develop quality control framework, set qa objectives, set qa/qc objectives, set qc objectives, set quality control objectives"
set up cybersecurity training programmes,esco,"deliver cybersecurity training, design cybersecurity training, develop cybersecurity training"
set up the controller of a machine,esco,"assemble appliance and machine control systems, assemble the controller of a machine, build appliance and machine control systems, build the controller of a machine, erect appliance and machine control systems, erect the controller of a machine, install appliance and machine control systems, install the controller of a machine, set up the computer controller of a machine"
shape candles,esco,"create candle, form candles, make candles, mould candles, shape a candle, shaping candles"
shape clay,esco,"clay shaping, clay working, shaping clay, work clay, working clay"
shape corporate culture,esco,"define corporate culture, determine corporate culture, shape corporation culture, shaping corporate culture"
shape metal over anvils,esco,"forge metal, forging metal, metal forging, metal shaping over anvils, shaping metal over anvils, shaping of metal over anvils, use anvil to forge meta, use forging tools, using anvil to forge metal, using forging tools"
shape nails,esco,"mould finger nails, mould nails, sculpt finger nails, sculpt nails, shape finger nails, shape nail, shaping nails"
shape organisational teams based on competencies,esco,"form organisational teams based on competencies, put organisational teams together based on competencies, shape competency-based organisational teams, shape organisational team based on competencies, shape organisational teams based on competency, shape organizational teams based on competencies, shaping organisational teams based on competencies"
shape ornamental design,esco,"adapt decorative forms and shapes, adapt ornamental design, modify decorative forms and shapes, modify ornamental design, prepare decorative forms and shapes, prepare ornamental design, remodel decorative forms and shapes, remodel ornamental design"
shape sheet metal objects,esco,"form sheet metal, shaping of sheet metal objects, shaping sheet metal objects, sheet metal forming, sheet metal object shaping, sheet metal working, work sheet metal"
share through digital technologies,esco,"act as intermediary in digital technology, share data through appropriate digital technologies, share digital content through appropriate digital technologies"
shiva,esco,shiva
signal processing,esco,"analogic transmission digital transmission, digital signal processing, dsp"
simulate mechatronic design concepts,esco,"mechatronic design concepts modelling, mechatronic design concepts simulating, modelling mechatronic design concepts, simulating mechatronic design concepts"
smalltalk,esco,"smalltalk, smalltalk programming system"
smart city features,esco,"advanced mobility functionalities creation for smart cities, advanced mobility functionalities for smart cities, big data technologies for novel software ecosystems in smart cities, big data technologies for smart cities, smart city characteristics"
smart contract,esco,smart contract software
smart contract programming languages,esco,programming languages for smart contract
social alliances,esco,"social collaborative networks, social partnerships"
social media management,esco,"computer media management, handling of social media strategies, management of social media"
social network analysis,esco,social network analysis methods
social work theory,esco,"apply social work theory to practice, development and characteristics of social work, fundamentals of social work, social work theoretical framework, social work theories, theoretical framework of social work"
software anomalies,esco,"software behaviour deviations, software bugs, software defects, software performance deviations, software performance incidents"
software architecture models,esco,"software architecture frameworks, software architecture patterns"
software components libraries,esco,
software components suppliers,esco,suppliers of software components
software design methodologies,esco,"software design approaches, software design techniques"
software engineering,concept,
software frameworks,esco,software engineering frameworks
software interaction design,esco,interaction design
software metrics,esco,software measurement metrics
software ui design patterns,esco,"best practices for software user interface tasks, software ui design best practices, software user interface design patterns, solutions for software ui tasks, solutions for software user interface tasks"
solidity,esco,"solidity principles, solidity software, solidity techniques"
solution deployment,esco,"implementation of solutions, software solution deployment"
solve problems in gambling through digital means,esco,"find a solution to problems in gambling through information technology, solve gambling problems through digital means, solving problems in gambling through digital means, work out gambling problems through digital means"
source,esco,"source, source 2, source 2006, source 2007"
spacy,library,
spark,tool,apache spark
specialised astrology software,esco,"specialised astrology computer programs, specialised software for astrology, specialized astrology software"
specify digital game scenes,esco,create digital game locations
sports competition information,esco,"information on sports competitions, sports competition advice, sports competition data, sports competition knowledge, sports competition report"
spot metal imperfections,esco,"determine component and workpiece faults and flaws, determine metal imperfections, diagnose component and workpiece faults and flaws, diagnose metal imperfections, identify component and workpiece faults and flaws, identify metal imperfections, see component and workpiece faults and flaws, see metal imperfections"
sql,programming,"informix 4gl/sql, sequel, structured query language, subquery"
sql server,database,"ms sql server, mssql"
sql server integration services,esco,"microsoft sql server integration services, microsoft ssis, ssis"
sqlite,database,
staf,esco,staf software
statistical analysis system software,esco,"statistical analysing of system software, statistical analysis of software systems, statistical analysis of system software, statistical analysis system application, statistical analysis system operating system, statistical analysis system programme"
statistical modeling techniques,esco,statistical modeling
statistical process control,esco,"quality control authority, quality control jurisdiction, quality control oversight, quality control supervision, statistical process authority, statistical process jurisdiction, statistical process oversight, statistical process supervision"
statistical quality control,esco,"quality checking, quality checks, quality control through statistics, quality control using statistics, statistical sampling for quality assurance, statistical sampling for quality control, statistics for quality control"
statistics,concept,"administrative data, big data, data analysis, data collection, data work, experimental data, metadata, organisation of data, statistical analysis, stats, survey data, use of data, use of data in performance of work, use of statistics, use of statistics in performance of work"
statsmodels,library,
stir rubber cement mixture,esco,"agitate cement mixture, cement mixture agitating, cement mixture stirring, stir cement mixture"
store design layout,esco,"arrange design layout, develop design layout, model design layout, produce design layout, store a design layout, store design layouts, storing a design layout"
store digital data and systems,esco,"archive digital data and systems, back up data, backup digital data and systems, cache digital data and systems, restore data, store digital data and system, store systems and digital data, storing digital data and systems, use data and systems archiving procedures, use data and systems archiving tools"
streamlit,framework,
strive for excellence in musical performance,esco,"strive for musical performance excellence, strive for virtuosity in musical performance, striving for excellence in musical performance, try hard to achieve a standard of excellence in musical performance"
supervise data entry,esco,"data entry supervision, manage data entry, monitor data entry, oversee data entry, supervising data entry, supervision of data entry, watch over data entry"
supervise electricity distribution operations,esco,"electricity distribution networks managing, electricity distribution operations supervising, managing electricity distribution networks, supervising electricity distribution operations"
supervise landscape projects,esco,"landscape project managing, landscape project supervising, landscape projects managing, landscape projects supervising, landscaping projects managing, landscaping projects supervising, manage landscape projects, manage landscaping projects, managing landscape projects, managing landscaping projects, supervise landscaping projects, supervising landscape projects, supervising landscaping projects"
supervise physiotherapist assistants,esco,"manage physiotherapist assistants, oversee physiotherapist assistants, supervise physiotherapy assistants"
supervise speech and language team,esco,"mentor speech and language teams, monitor newly qualified speech therapists, supervise a speech- and language-team, supervise newly qualified language therapists, supervise speech and language students and assistants, supervise speech and language teams"
supervise work on design planning,esco,"arrange work on design planning, develop work on design planning, model work on design planning, produce work on design planning, supervise the work on design planning, supervising the work on design planning, supervising work on design planning"
supervised learning,concept,
swift,esco,"swift, swift algorithms, swift programming paradigms, swift software development principles, swift software development techniques"
synthetic natural environment,esco,"natural environment simulation, simulation of natural environment, simulation of physical world, sne, synthetic environment of nature, synthetic natural environment model, virtual reality of natural environment, virtual world of natural environment"
tableau,visualization,
take referrals for genetic testing,esco,"receive patients for genetic testing, receive referrals for genetic testing, take a referral for genetic testing"
tape drywall,esco,"drywall joint sealing, drywall taping, finish drywall joints, finishing drywall joints, seal drywall joints, sealing drywall joints, taping drywall, taping of drywall"
task algorithmisation,esco,task algorithm development
tax legislation,esco,"fiscal laws, fiscal regulations, fiscal rules, fiscal statutes, tax laws, tax regulations, tax rules, tax statutes"
teach computer science,esco,"educate on computer science, explain computer science, provide instruction on computer science, teaches computer science, teaching computer science"
teach digital literacy,esco,"educate on digital literacy, explain digital literacy, provide instruction on digital literacy, teach computer literacy, teaches digital literacy, teaching digital literacy"
teamwork,soft skill,collaboration
tend agitation machine,esco,"look after agitation machines, mind agitation machines, take care of agitation machines, tend agitation machines, tend an agitation machine, watch agitation machines"
tend cnc drilling machine,esco,"guard cnc drilling machine, guard computer controlled boring machinery, oversee cnc drilling machine, oversee computer controlled boring machinery, take care of cnc drilling machine, take care of computer controlled boring machinery, watch over cnc drilling machine, watch over computer controlled boring machinery"
tend cnc engraving machine,esco,"guard cnc engraving machine, guard computer controlled etching machinery, oversee cnc engraving machine, oversee computer controlled etching machinery, take care of cnc engraving machine, take care of computer controlled etching machinery, watch over cnc engraving machine, watch over computer controlled etching machinery"
tend cnc grinding machine,esco,"guard cnc grinding machine, guard computer controlled grinder, oversee cnc grinding machine, oversee computer controlled grinder, take care of cnc grinding machine, take care of computer controlled grinder, tend computer numerical controlled grinding machines, watch over cnc grinding machine, watch over computer controlled grinder"
tend cnc metal punch press,esco,"guard cnc metal punch press, guard computer controlled punch machine, oversee cnc metal punch press, oversee computer controlled punch machine, take care of cnc metal punch press, take care of computer controlled punch machine, tend computer numerical controlled metal punch presses, watch over cnc metal punch press, watch over computer controlled punch machine"
tend computer numerical control lathe machine,esco,"guard computer numerical control lathe machine, guard screwing and turning machinery, monitor computer numerical control lathe machine, monitor screwing and turning, oversee computer numerical control lathe machine, oversee screwing and turning machinery, tend cnc lathe machine, tend cnc turn machine, tend cnc turning machine machinery, watch over computer numerical control lathe machine, watch over screwing and turning machinery"
tensorflow,library,tf
teradata database,esco,"teradata, teradata integrated data warehouse"
test absorbency,esco,"check absorbency, evaluate absorbency, measure absorbency, monitor absorbency, test absorbencies, testing absorbency, verify absorbency"
test alkalinity,esco,"alkalinity checking, alkalinity testing, check alkalinity, checking alkalinity, testing alkalinity"
test artist flying systems,esco,"monitor artist flying systems, test artist flying system, test flying systems, testing artist flying systems, try out artist flying systems"
test beauty products,esco,"beauty product checking, beauty product testing, beauty products checking, beauty products testing, check beauty products, checking beauty products, testing beauty products"
test chemical samples,esco,"analyse chemical samples, analysing chemical samples, chemical sample analysing, chemical sample testing, chemical samples analysing, chemical samples testing, testing chemical samples"
test chemicals in development baths,esco,"analyse chemicals in development baths, assess chemicals in development baths, chemical test in development baths, chemical testing in development baths, chemical tests in development baths, evaluate chemicals in development baths, examine chemicals in development baths"
test circuitry,esco,"carry out circuit tests, conduct circuit tests, conduct signal circuit testing, conduct signal circuitry testing, perform tests on circuitry, test circuits, test circuits of signals, test signal circuitry, test signal circuits, undertake circuit testing activities"
test computer hardware,esco,"computer components system testing, computer components testing, computer hardware system testing, computer hardware testing, test computer components system, test computer hardware system, testing computer components, testing computer components system, testing computer hardware, testing computer hardware system, testing of computer components, testing of computer hardware"
test concrete,esco,"check concrete, checking concrete, concrete checking, concrete testing, testing concrete"
test construction material samples,esco,"analyse construction material samples, assess construction material samples, assessing construction material samples, construction material sample-testing, sample analysis of construction materials, sample-testing construction materials, testing construction material samples, testing of construction material"
test dental instruments,esco,"assess dental instruments, assessing dental instruments, dental instrument assessing, dental instrument testing, dental instruments assessing, dental instruments testing, testing a dental instrument, testing dental instruments"
test edge crush,esco,"check edge crush, evaluate edge crush, measure edge crush, monitor edge crush, test edge crushing, testing edge crush, verify edge crush"
test electrical equipment,esco,"check electrical equipment, checking electrical equipment, electrical equipment checking, electrical equipment testing, testing electrical equipment, testing electrical welder system"
test electromechanical systems,esco,"check electromechanical systems, checking electromechanical systems, electromechanical system checking, electromechanical system testing, electromechanical systems checking, electromechanical systems testing, testing electromechanical systems"
test electronic units,esco,"check electronic unit performance, check performance of electronic units, checking electronic unit performance, checking performance of electronic units, electronic unit testing, test electronic unit, testing electronic unit, testing electronic units, testing of electronic units"
test film processing machines,esco,"analyse film processing machines, assess film processing machines, check film processing machines, evaluate film processing machines, examine film processing machines, film processing machine test, film processing machine testing, film processing machines tests"
test fragrances against customer satisfaction,esco,"analyse fragrances against customer satisfaction, analysing fragrances against customer satisfaction, fragrance analysing against customer satisfaction, fragrance testing against customer satisfaction, fragrances analysing against customer satisfaction, fragrances testing against customer satisfaction, testing fragrances against customer satisfaction"
test gas purity,esco,"check gas purity, checking gas purity, gas purity checking, gas purity testing, testing gas purity"
test ground system performance,esco,"assess functionality of ground systems, assess performance of ground systems, carry out ground systems performance testing, conduct ground system performance testing, develop tests for ground system performance, develop tests for performance of ground systems, execute ground systems performance testing, perform ground systems performance testing, test functionality of ground systems, test performance of ground systems"
test hardware,esco,"check hardware systems, checking hardware, checking hardware systems, hardware checking, hardware systems checking, hardware systems testing, hardware testing, test hardware systems, testing hardware, testing hardware systems"
test improved aeronautical information management systems,esco,"conduct aeronautical information management systems improvement testing, conduct aim improvement testing, perform aim improvement testing, perform testing on aim systems, perform testing on improved aeronautical information management systems, test aeronautical information management systems for improvement, test aim systems for improvement, test functions of improved aeronautical information management systems, test functions of improved aim systems, test improved aim systems"
test instrumentation equipment,esco,"check instrumentation equipment, checking instrumentation equipment, instrumentation equipment checking, instrumentation equipment testing, testing instrumentation equipment"
test leather chemistry,esco,"assess chemical properties of leather, assess leather chemistry, assess the chemistry of leather, leather chemistry testing, test chemical properties of leather, test the chemistry of leather"
test lift operation,esco,"check lift functions, checking lift functions, functional test of lift, lift function, lift operation testing, lift testing operations, operational testing of lift, test lift is operational, testing lift operation, testing of lift functions, testing of lift operation"
test make-up,esco,"check out the make-up, test the make-up, testing make-up, try the make-up"
test materials,esco,"analyse materials, assess materials, check materials, evaluate materials, examine materials, material test, material testing, material tests"
test mechatronic units,esco,"mechatronic unit monitoring, mechatronic unit testing, mechatronic units monitoring, mechatronic units testing, monitor mechatronic units, monitoring mechatronic units, testing mechatronic units"
test medical devices,esco,"check medical devices, evaluate medical devices, test a medical device, testing a medical device, testing medical devices, try medical devices"
test microelectromechanical systems,esco,"check mems, check microelectromechanical systems, checking mems, checking microelectromechanical systems, mems checking, mems testing, microelectromechanical systems checking, microelectromechanical systems testing, test mems, testing mems, testing microelectromechanical systems"
test microelectronics,esco,"analyse micro-electronics, analyse microelectronics, analysing micro-electronics, analysing microelectronics, micro-electronics analysing, micro-electronics testing, microelectronics analysing, microelectronics testing, test micro-electronics, testing micro-electronics, testing microelectronics"
test mine equipment,esco,"check operation of mining equipment, checking operation of mining equipment, mine equipment testing, mining equipment testing, test electric mining equipment, test mining equipment, testing mine equipment, testing mining equipment, testing of mine equipment, testing of mining equipment, verify operation of mining equipment, verifying operation of mining equipment"
test moisture content,esco,"check moisture content, checking moisture content, moisture content checking, moisture content testing, testing moisture content"
test nitroglycerin mixture,esco,"check nitroglycerin mixture, checking nitroglycerin mixture, nitroglycerin mixture checking, nitroglycerin mixture testing, testing nitroglycerin mixture"
test oil samples,esco,"analyse oil, analyse oil samples, analyse samples of oil, analysis of oil samples, oil sample analysis, oil sample testing, sample test oil, sample testing oil, test samples of oil, testing of oil samples, testing oil samples, testing samples of oil"
test optical components,esco,"check optical components, checking optical components, optical component checking, optical component testing, optical components checking, optical components testing, testing optical components"
test optoelectronics,esco,"check opto-electronics, check optoelectronics, checking opto-electronics, checking optoelectronics, opto-electronics checking, opto-electronics testing, optoelectronics checking, optoelectronics testing, test opto-electronics, testing opto-electronics, testing optoelectronics"
test oxygen purity,esco,"check oxygen purity, checking oxygen purity, oxygen purity checking, oxygen purity testing, testing oxygen purity"
test package,esco,"package testing, test a bag, test a bundle, test a load, test a package, test a parcel, test packages"
test paper production samples,esco,"check paper production samples, evaluate paper production samples, measure paper production samples, monitor paper production samples, test paper production sample, testing paper production samples, verify paper production samples"
test performance of power plants,esco,"analyse performance of power plants, analysing performance of power plants, performance analysing of power plants, performance testing of power plants, power plant performance analysing, power plant performance testing, testing performance of power plants"
test physical properties of textiles,esco,"evaluate textiles' physical properties, test physical properties of textile goods, test physical properties of textile products, textiles' physical properties testing, use testing methods for evaluating physical properties in textiles, use testing methods for textile physical properties"
test power electronics,esco,"analyse battery failures, analyse power electronics, assess power electronics, evaluate power electronics, gather data on power electronics, perform battery diagnosis, validate battery planning"
test printed circuit boards,esco,"circuit board testing, circuit boards testing, printed circuit board testing, printed circuit boards testing, test circuit boards, testing circuit boards, testing printed circuit boards"
test procedures,esco,"analysis procedures, assessment procedures, check procedures, evaluation procedures, examination procedures, testing procedure"
test procedures in electricity transmission,esco,"check procedures in electricity transmission, checking procedures in electricity transmission, test procedures in transmission of electricity, testing procedures in electricity transmission"
test production input materials,esco,"check production input materials, checking production input materials, production input material checking, production input material testing, production input materials checking, production input materials testing, testing production input materials"
test railway signalling equipment,esco,"carry out rail signalling equipment testing activities, conduct railway signalling equipment tests, ensure railway signalling equipment is functioning as required, perform railway signalling equipment testing activities, perform railway signalling equipment tests, test rail signalling equipment, test railroad signalling equipment, test railway signaling equipment, test signalling equipment used in railroads, test signalling equipment used in railways, test signalling equipment utilised in railways"
test raw minerals,esco,"checking of raw minerals, checking raw minerals, raw minerals checking, raw minerals sampling, raw minerals testing, sampling raw minerals, testing of raw minerals, testing raw minerals"
test samples for pollutants,esco,"carry out sample analysis, carrying out of sample analysis, carrying out sample analysis, conduct of sample analysis, conducting of sample analysis, conducting sample analysis, measure pollutants in samples, measuring pollutants in samples, pollutant testing of samples, sample analysis conduct, sample testing for pollutants, testing of samples for pollutants, testing samples for pollutants"
test semiconductors,esco,"check semi-conductors, checking semi-conductors, checking semiconductors, semi-conductor checking, semi-conductor testing, semiconductor checking, semiconductor testing, test semi-conductors, testing semi-conductors, testing semiconductors"
test sensors,esco,"check sensors, checking sensors, sensor checking, sensor testing, sensors checking, sensors testing, test solar and thermal sensors, testing sensors"
test soil load bearing capacity,esco,"assess load-bearing capacity of soil, assessment of load-bearing capacity of soil, establish load-bearing capacity of soil, soil load bearing capacity assessment, test load-bearing capacity of soil, test soil for load-bearing capacity, test soil's load-bearing capacity, testing soil load-bearing capacity"
test solid discharges from oil centrifuge,esco,"analyse solid discharges from oil centrifuge, assess solid discharges from oil centrifuge, experiment solid discharges from oil centrifuge, investigate solid discharges from oil centrifuge, test discharges from oil centrifuge that are solid, test solid discharges from oil centrifuges, testing solid discharges from oil centrifuge"
test system accessibility for users with special needs,esco,ensure software accessibility
test the rail-flaw-detection machine,esco,"carry out tests of the rail-flaw-detection machine, conduct testing of the rail-flaw-detection-machine, ensure the operability of railway safety equipment, monitor the effectiveness of railway safety equipment, perform testing of the rail-flaw-detection machine, undertake tests of the rail-flaw-detection machine, utilise circuit testers to test the rail-flaw-detection machine"
test wind turbine blades,esco,"evaluate wind turbine blades, evaluating wind turbine blades, testing wind turbine blades, wind turbine blades evaluating, wind turbine blades testing"
test wireless devices,esco,"analyse wireless devices, analysing wireless devices, bluetooth wireless technology, testing wireless devices, wireless device analysing, wireless device testing, wireless devices analysing, wireless devices testing"
testing,concept,unit testing
text classification,concept,
thc hydra,esco,"hydra, hydra parallelized network login tool"
thermodynamics,esco,"laws of thermodynamics, thermo-dynamics"
time series analysis,concept,time series forecasting
time-display methods,esco,"analog clocks, auditory clocks, digital clocks, methods of time-display, multi-display clocks, or tactile clocks., projection clocks, range of time-display methods, sorts of time-display methods, types of time-display methods, typology of time-display methods, word clocks"
tobacco manufacturing regulations,esco,"tobacco manufacture regulation, tobacco manufacture regulations, tobacco manufacturing laws, tobacco manufacturing ordinances, tobacco manufacturing regulation, tobacco manufacturing rules, tobacco manufacturing statutes"
tools for software configuration management,esco,"bcfg2, cdist, cfengine, git, isconf, local configuration system, nixos, noc, ocs inventory ng with glpi, open pc server integration, pikt, quattor, radmind, revision control, rudder, rundeck, smartfrog, software tools for version control, source control, synctool, tools for software version control"
trade union regulations,esco,"regulations for trade unions, trade union laws, trade union regulation, trade union rules"
trading law,esco,"commerce law, laws on trading, trade law, trading laws"
trading software,esco,"trading application, trading software solution"
tram network,esco,"public tram network, public tram services, public transportation by tram, tram grid, tram lines, tram routes, tram system, tramways"
transcribe medical data,esco,"transcribe interview recordings with health care professionals, transcribe medical interviews, transcribe recordings of interviews with healthcare professionals"
transfer medical information,esco,"digitalise medical information, digitalise patient data, digitalize medical information, digitalize patient data, extract and enter medical information, relocate medical information"
transfer uncut audiovisual material to computer,esco,"transfer audiovisual uncut material to computer, transfer to computer uncut audiovisual material, transfer unclipped audiovisual material to computer, transfer unedited audiovisual material to computer"
transformer models,concept,transformers
transmission technology,esco,"analog transmission, digital transmission, ethernet, fiber optic, field of communication technology, field of transmission technology, optical fibers, types of communication technology, types of transmission technology, typology of communication technology, typology of transmission technology, voip"
transportation software related to an erp system,esco,"transportation software related to an erp data, transportation software related to an erp programme, transportation software related to erp administration, transportation software related to erp operations, transportation software related to erp systems, transportation software relating to an erp system, transportation software relating to erp systems"
type error-free documents,esco,"enter error-free documents into the computer, type documents that are free of errors, type error free documents, typing error-free documents"
type texts from audio sources,esco,"enter texts from audio sources into computer, type text from audio sources, type texts from audio source, typing texts from audio sources"
types of containers,esco,"brands of containers, brands of transportable crates, container formats, container varieties, models of containers, models of transportable crates"
types of crosscut saws,esco,"categories of crosscut saws, kinds of crosscut saws, sorts of crosscut saws, type of crosscut saw, varieties of crosscut saws"
types of digital badges,esco,"digital badges, digital credentials, micro-credentials, open badges"
types of drill press oils,esco,"boring lubricants varieties, brands of boring lubricants, brands of drill press oils, categories of boring lubricants, categories of drill press oils, drill press oils varieties, models of boring lubricants, models of drill press oils"
types of forging press,esco,"brands of forging press, brands of hydraulic forge stamp, categories of forging press, categories of hydraulic forge stamp, forging press formats, hydraulic forge stamp formats, models of forging press, models of hydraulic forge stamp"
types of lathe tools,esco,"brands of lathe tools, brands of milling appliances, categories of lathe tools, categories of milling appliances, lathe tools varieties, milling appliances varieties, models of lathe tools, models of milling appliances"
types of music therapies,esco,"classification of music therapy types, forms of music therapy, types of music therapy"
types of planing cutters,esco,"brands of carbide tipped blades, brands of planing cutters, categories of carbide tipped blades, categories of planing cutters, planing cutter models, variety of carbide tipped blades, variety of planing cutters"
types of psychotherapy sessions,esco,"forms of psychotherapy sessions, group therapy sessions, individual therapy sessions, psychological therapies for groups, psychotherapy for individuals or families, therapy sessions for families, types of psychological therapies, types of psychotherapy session, varieties of psychotherapy sessions"
types of stamping press,esco,"brands of reduction press, brands of stamping press, categories of reduction press, categories of stamping press, makes of reduction press, makes of stamping press, reduction press models, stamping press models"
types of table saws,esco,"categories of table saws, kinds of table saws, sorts of table saws, type of table saw, varieties of table saws"
typescript,esco,typescript programming language
understand spoken javanese,esco,"comprehend spoken basa jawa, comprehend spoken cara jawa, comprehend spoken javanese, interpret spoken javanese, listen to javanese, make sense of spoken javanese, understand javanese speech"
understand written javanese,esco,"comprehend written basa jawa, comprehend written cara jawa, comprehend written javanese, interpret written javanese, make sense of written javanese, read javanese, understand javanese writing"
undertake clinical audit,esco,"collect statistical data related to clinical audit, collect statistical data related to service delivery, conduct clinical audit, lead clinical audit, undertake internal clinical audit"
unified modelling language,esco,"standard modelling language, uml, unified modeling language"
unittest,library,
unity,esco,"unity, unity 4, unity 5, unity3d"
unreal engine,esco,unreal engine software
unstructured data,esco,types of unstructured data
unsupervised learning,concept,
upgrade firmware,esco,"update basic software in devices, update basic software in embedded systems, update basic software in network components, update firmware, update integrated software, update software embedded in devices, update software embedded in network components"
urban planning law,esco,"urban planning laws, urban planning legality, urban planning legislation, urban planning norms, urban planning regulation, urban planning rules, urban planning standards"
usability engineering,esco,usability testing
use access control software,esco,"define database user permissions, define user roles for ict system"
use agricultural information systems and databases,esco,"operate agricultural databases, operate agricultural information systems, operate agricultural information systems and databases, operating agricultural databases, operating agricultural information systems, operating agricultural information systems and databases, use agricultural databases, use agricultural information systems, using agricultural databases, using agricultural information systems, using agricultural information systems and databases"
use agronomic modelling,esco,"apply crop modelling, build agronomic models"
use analytics for commercial purposes,esco,"use analytics for commercial purpose, use commercial analytics, using analytics for commercial purposes, utilize analytics for commercial purposes, work with analytics for commercial purposes"
use audio reproduction software,esco,"employ audio reproduction tools, operate audio reproduction software"
use automatic programming,esco,use visual programming
use back-up and recovery tools,esco,"back-up and recovery tools using, use back-up and recovery software, use back-up software, use back-up tools, use recovery software, use recovery tools, using back-up and recovery software, using back-up and recovery tools"
use cad for heels,esco,"employ cad for heels, employ computer-aided design for heels, heel cad designing, use 2d and 3d cad for heels, use computer-aided design for heels, utilise cad for heels, utilise computer-aided design for heels, utilize cad for heels, utilize computer-aided design for heels"
use cad for lasts,esco,"operate cad software for footwear lasts, operate cad software for lasts, operate cad software for lasts in the footwear industry, use cad for footwear lasts, use cad for lasts in the footwear industry, use cad software for lasts, use computer-aided design for lasts"
use cad for soles,esco,"employ cad for sole and heels designing, employ cad for sole designing, employ cad for soles and heels, employ computer-aided design for soles, employ computer-aided design for soles and heels, use cad for sole and heels designing, use cad for sole designing, use cad for soles and heels, use computer-aided design for soles, use computer-aided design for soles and heels"
use cad software,esco,"adopt cad software, apply cad software, cad software use, handle cad software, operate cad software, use of cad software, using cad software"
use cadd software,esco,"apply cadd software, employ cadd software, make use of cadd software, use computer-aided design and drafting software, utilise cadd software, work with cad software"
use cae software,esco,"apply computer-aided engineering software, be familiar with cae software, employ cae software, make use of cae software, manage cae software, use cae softwares, use computer-aided engineering software, utilise cae software, work with cae software"
use cam software,esco,"adopt cam software, adopt machinery control programmes, apply cam software, apply machinery control programmes, handle cam software, handle machinery control programmes, utilise cam software, utilise machinery control programmes"
use chromatography software,esco,"apply chromatography software, applying chromatography software, chromatography software applying, chromatography software using, using chromatography software"
use communication and collaboration software,esco,"communicate in digital environments, communicate on-line, communicate online, interact through ict, use e-mail software and services"
use computer programs to improve patients' skills,esco,"use computer programme to improve patient's skills, use computer programmes to improve patients' skills, use it programmes to improve patients' skills, utilise computer-based programmes to improve patients' abilities, utilize computer-based programs to improve patients' abilities"
use computer telephony integration,esco,"computer telephony, computer telephony integration, computer–telephone integration, cti, perform computer telephony integration"
use computer-aided engineering systems,esco,"apply computer-aided engineering systems, deal with cae systems, employ cae systems, operate computer-aided engineering systems, use a cae system, use a computer-aided engineering system, use cae systems, utilise computer-aided engineering systems, work with cae systems"
use computer-aided translation,esco,"apply computer-aided translation, computer-aided translation use, employ computer-aided translation, operate computer-aided translation, using computer-aided translation"
use computerised maintenance management systems,esco,"carry out cmms activities, carry out computerised maintenance management system activities, ensure effectiveness of maintenance through use of cmms, follow up maintenance work through use of cmms, follow up maintenance work through use of computerised maintenance management systems, operate cmms, operate computerised maintenance management systems, use cmmis, use computerised maintenance management information systems, use computerized maintenance management systems, utilise cmms, utilise computerised maintenance management systems"
use concurrent programming,esco,"parallel computing, use parallel computing"
use content management system software,esco,"adopt content management system software, apply content management system software, content management system software use, handle content management system software, operate content management system software, use a content management system software, using content management system software"
use creative suite software,esco,"apply creative suite software, creative suite software use, employ creative suite software, operate creative suite software, using creative suite software"
use customer relationship management software,esco,"adopt customer relationship management software, apply customer relationship management software, handle customer relationship management software, operate customer relationship management software, use a customer relationship management software programme, use of customer relationship management software, using customer relationship management software"
use data processing techniques,esco,"apply data processing technique, gather and analyse data, make use of data processing techniques, use a data processing technique, utilize data processing techniques"
use databases,esco,"able to use using databases, apply databases, make use of databases, use data bases, use database, use database management systems, use database software, use dbs, utilise databases"
use digital illustration techniques,esco,"illustrate drawings digitally, use digital illustration programmes, use digital technique illustrations, use techniques for digital illustration"
use digital instruments,esco,"use digital instrument, using digital instruments, utilize digital instruments, work with digital instruments"
use e-services,esco,"able to use e-services, apply e-services, engage in citizenship through digital technologies, make use of e-services, use electronic services, use online payment solutions, utilise e-services"
use e-tourism platforms,esco,"employ electronic tourism platforms, engage with customers on review websites, engage with digital tourism platforms, use online tourism platforms, use travel advertising platforms"
use electronic health records management system,esco,"manage health record system electronically, manage health records electronically, use electronic health record management systems, use electronic health records management systems, use electronic health records software, use electronic health records' management systems, use electronic health-record-management-system"
use functional programming,esco,apply functional programming principles
use global distribution system,esco,"operate global distribution system, use computer reservation system, use system for global distribution"
use ict systems,esco,"complete complex tasks through use of ict systems, complete complex tasks through utilisation of ict systems, conduct work activities using ict systems, perform work tasks using ict systems, use computer systems, use ict, use information and communication technologies, use information and communication technology systems, utilise ict systems, utilise information and communication technologies, work using ict systems"
use it systems for commercial purposes,esco,"adopt it systems for commercial purposes, apply it systems for commercial purposes, handle it systems for commercial purposes, operate it systems for commercial purposes, use an it system for commercial purposes, use it systems for a commercial purpose, using it systems for commercial purposes"
use it tools,esco,"employ ict tools, employ information and communication technology tools, employ information technology tools, employ it tools, use ict tools, use information and communication technology, use information and communication technology tools, use information technology, use information technology tools, utilise information technology tools, utilise it tools, utilize information technology tools, utilize it tools"
use logic programming,esco,"employ answer set programming, employ ict tools for logic programming, use datalog for logic programming, use prolog for logic programming, utilise ict tools for logic programming"
use mathematical tools and equipment,esco,"able to use using mathematical tools and equipment, administer mathematics, apply mathematical tools and equipment, apply mathematics, apply mathematics rules, applying mathematics, exercise mathematics, implement mathematics, make use of mathematical tools and equipment, practice mathematics, use calculator, use math tools and equipment, use mathematical equipment and tools, use mathematical software, use pocket calculator, use spreadsheets, utilise mathematical tools and equipment"
use media software,esco,"employ visual programming software, operate media editing software, operate sound editing software, use 3d projecting software, use image editing software"
use meteorological information,esco,"advise on safety of operations according to meteorological information, inform operational decision making through use of meteorological information, interpret and use meteorological information, interpret and utilise meteorological information, provide advice on operational safety according to information on climatic conditions, provide advice on operational safety according to meteorological information, provide advice on operations using meteorological information, use information on weather conditions to inform operational decision making, use meteorological data, utilise meteorological data, utilise meteorological information"
use methods of logistical data analysis,esco,"analyse data on logistical elements, analyse logistical data, interpret data on elements of logistics, interpret logistical data, interpret logistical data through analytical methods, interpret logistical data through use of analytical methods, use logistical data analysis methods, use methods for analysing logistical data, utilise logistical data analysis methods, utilise methods for analysing logistical data, utilise methods of logistical data analysis"
use microsoft office,esco,"be a proficient microsoft office user, be a proficient ms office user, have proficiency in microsoft office, have proficiency in ms office, possess proficiency in microsoft office, possess proficiency in ms office, use microsoft office applications, use microsoft office programmes, use microsoft office software, use ms excel, use ms office, use ms powerpoint, use ms word, utilise microsoft office, utilise microsoft office applications, utilise microsoft office programmes, utilise microsoft office software"
use milk control software,esco,"milk control software operating, milk control software using, operate milk control software, operate software for milk control, operating milk control software, operating software for milk control, use software for milk control, using milk control software, using software for milk control"
use mine planning software,esco,"mine planning software utilisation, plan mining using software, planning mining using software, planning of mining using software, use software to plan mining, using mine planning software, using of mine planning software, using software to plan mining, utilisation of mine planning software"
use non-destructive testing equipment,esco,"application of non-destructive testing methods, apply non-destructive testing methods, applying non-destructive testing methods, non-destructive testing equipment use, non-destructive testing equipment utilisation, non-destructive testing method application, use of non-destructive testing equipment, using non-destructive testing equipment, utilisation of non-destructive testing equipment"
use object-oriented programming,esco,utilise object-oriented programming
use online tools to collaborate,esco,"accuconference, asana, budget conferencing, conference calling, confluence, gotomeeting, infinite conferencing, intercall, linoma software, metateam, oracle webcenter, teamtalk, teamviewer, use concurrent file editing, use online meeting tools, use voip conference calling, webex"
use pattern-cutting softwares,esco,"employ pattern-cutting softwares, pattern-cutting software utilisation, pattern-cutting software utilization, pattern-cutting softwares usage, use softwares for pattern-cutting, utilise pattern-cutting softwares, utilize pattern-cutting softwares"
use performance 3d visualisation techniques,esco,"apply performance 3d visualisation techniques, employ 3d visualization for performance evaluation"
use personal organization software,esco,"able to use using personal organization software, aceproject, any.do, apply personal organization software, art plus epix wallpaper calendar, chronforce, clarizen, empire suite software, emplotime, freshbooks, harvest, hitask, im time calendar, interactive calendar, iplan, make use of personal organization software, mavenlink, mozilla sunbird, omnifocus, osmo calendar, outlook time, pmprojectteam, rainlendar lite, tasktome, ticktick, time@work, timedoctor, todoist, toggl, toodledo, trackersuite.net, trello, use digital calendar, use digital time tracking, use digital to-do list, use software for personal organisation, use software for personal organization, using personal organisation software, utilise personal organization software, vueminder calendar lite, workstraight, wunderlist, yahoo! calendar, zoho calendar, zoho projects"
use photodynamic therapy for cancer,esco,"apply photodynamic therapy for cancer, apply ptd, execute photodynamic therapy, use photodynamic therapies, use photodynamic therapy for cancer, use ptd for cancer treatment"
use photographic equipment,esco,"employ specialised photographic equipment, use digital photographic equipment, use equipment for photographs, use equipment for photography"
use polygonal modelling,esco,"apply polygonal modelling, employ polygon-based modelling, represent 3d polygonal models"
use presentation software,esco,"able to use presentation software, adobe ovation, adobe persuation, apply presentation software, articulate presenter, clearslide, corel presentations, customshow, emaze, evernote presentations, goanimate, google slides, haiku deck, kineticast, kingsoft office presentation, knowledgevision, libreoffice impress, make use of presentation software, mediashout, microsoft office powerpoint, powtoon, preseria, prezi, produce electronic presentations, slide bureau, slidedog, slideshare, slideshark, snagit, use presentation program, use slide show software, using presentation software, utilise presentation software, visualbee"
use production planning software,esco,"use production planning softwares, using production planning software, utilize production planning software, work with production planning software"
use query languages,esco,"data retrieving using a query language, data retrieving using a structured query language, query language using, retrieve data using a query language, retrieve data using a structured query language, retrieving data using a query language, retrieving data using a structured query language, use database query language, use information retrieval query language, use structured query language, using database query language, using information retrieval query language, using query language, using structured query language"
use rental management software,esco,"adopt rental management software, apply rental management software, handle rental management software, operate rental management software, rental management software use, use of rental management software, using rental management software"
use sales forecasting softwares,esco,"employ sales forecasting softwares, use forecasting softwares for sales, use sales forecast softwares, use sales forecasting software, using sales forecasting softwares, utilize sales forecasting softwares"
use scripting programming,esco,"employ ict tools for computer code creation, employ programming languages for computer code creation, use ict tools for computer code creation, use ict tools for computer code development, use ict tools for computer code generation"
use shaping machinery,esco,"adopt shaping machinery, apply shaping machinery, handle shaping machinery, operate shaping machinery, use a shaping machine, use of shaping machinery, using shaping machinery"
use shorthand computer program,esco,"use computer program for shorthand, use shorthand computer programs, use shorthand program, using shorthand computer program, utilize shorthand computer programs, work with shorthand computer programs"
use software design patterns,esco,"use programming design patterns, utilise software design patterns"
use software for data preservation,esco,preserve digital evidence
use software libraries,esco,utilise software libraries
use software tools for site modelling,esco,"create site simulations using computer software, create site simulations using software, develop site simulations using computer programmes, develop site simulations using computer software, perform site modelling activities using computer programmes, perform site simulation activities using computer software, use software for site modelling, use software to model sites, use software tools for site modeling, utilise software to model sites, utilise software tools for site modelling, utilise software tools to model sites"
use special hearing equipment for tests,esco,"determine patient's hearing disorders using special equipment, test for hearing disorders using special equipment, use audiometers and computers for tests, use special hearing equipment for a test, use special hearing equipment in tests"
use specialised computer models for weather forecasting,esco,"anticipate weather conditions through use of computer modelling software, anticipate weather conditions through use of computer models, develop long and short term weather forecasts using computer modelling software, develop long and short term weather forecasts using computer models, develop weather forecasts using computer models, use specialised computer modelling software for weather forecasting, use specialised computer models for weather forecasts, use specialized computer models for weather forecasting, utilise specialised computer modelling software for weather forecasting, utilise specialised computer models for weather forecasting, utilise specialised computer models for weather forecasts"
use specialised design software,esco,"use specialized design software, using specialised design software, utilize specialised design software, work with specialised design software"
use specialised equipment,esco,"specialised equipment using, specialised production equipment using, use computer modelling, use digital imaging analysis, use electron microscope, use global positioning systems, use specialised production equipment, use specialized equipment, use telemetry, using specialised production equipment"
use specific data analysis software,esco,"carry out data analysis using specific software, conduct data analysis activities utilising specific software, conduct data analysis using particular software, perform data analysis using specific software, undertake data analysis through use of specific software, use particular data analysis software, use specific software for data analysis, utilise particular data analysis software, utilise specific data analysis software, utilise specific software for data analysis"
use spreadsheets software,esco,"ability office spreadsheet, accel spreadsheet, calligra sheets, cellpro, corel calculate, design spreadsheets, dhtmlxspreadsheet, dolphinity planner, gnumeric, google sheets, household budget worksheet, ibm lotus symphony spreadsheets, kingsoft spreadsheet, libreoffice calc, lotus 1-2-3, lotus improv, microsoft office excel, ms excel, myrtle, ooo4kids calc, oxygenoffice professional calc, planmaker, qt calc express, quantrix modeler, resolverone, sheetster, simple spreadsheet, sphygmic software spreadsheet, thinkfree office calc, use spreadsheets program, wikicalc, zoho sheet"
use technical drawing software,esco,"create designs with specialist software, design creation using specialist software, design using specialist software, design with specialist software, designing using specialist software, designing with specialist software, technical drawing software usage, usage of technical drawing software, use of technical drawing software, using of technical drawing software, using technical drawing software"
use testing equipment,esco,"apply testing equipment, deal with testing equipment, employ testing tools, make use of testing equipment, manage testing equipment, use equipment for testing, utilise testing equipment, work with testing tools"
use theoretical marketing models,esco,"use theoretical marketing model, use theoretical models for marketing, using theoretical marketing models, utilize theoretical marketing models, work with theoretical marketing models"
use thermal analysis,esco,"thermal analysis software using, thermal analysis using, use thermal analysis software, use thermal analysis tools, using thermal analysis, using thermal analysis software, using thermal analysis tools"
use translation memory software,esco,"apply translation memory software, employ translation memory software, operate translation memory software, translation memory software use, using translation memory software"
use typesetting software,esco,"employ typesetting software, make use of typesetting software, using typesetting software, utilise typesetting software"
use word processing software,esco,"abiword, able to use using word processing software, apple pages, apply word processing software, atlantis word processor, calligra words, gnu texmacs, google docs, ibm lotus word pro, intellitalk, kingsoft office writer, latex, libreoffice writer, make use of word processing software, microsoft office word, polaris office, produce text files, quickoffice, textedit, textilus, thinkfree office, type text, use document processing program, use text processing program, use word processing, use word processor, using word processor, utilise word processing software, wordgraph, wordpad, zoho writer"
utilise computer-aided software engineering tools,esco,"use case tools, utilise case tools, utilise case tools for software design, utilize case tools for software design, utilize computer-aided software engineering tools"
utilise machine learning,esco,"carry out machine learning, perform machine learning, use machine learning, utilize machine learning"
utilise regular expressions,esco,"create regular expression queries, query data with regular expressions, query with regular expressions, use regular expressions, utilize regular expressions"
vagrant,esco,"vagrant software, vagrant tool"
value-added tax law,esco,"value-added tax laws, value-added tax legislation, value-added tax regulation, value-added tax rules, value-added tax statutes, value-added taxation law, value-added taxation laws"
vbscript,esco,"vbscript algorithms, vbscript coding techniques, vbscript for web-based scripting, vbscript programming paradigms, vbscript scripting techniques"
version control,concept,
video conferencing tool,esco,video conferencing software
virtual reality,esco,"digital environment life experiences simulation, digital environment virtual reality, simulated reality, virtual reality simulation process, virtual reality systems"
visual presentation techniques,esco,"information visualisation, information visualization, infovis, infoviz, visualization interface"
vs code,tool,visual studio code
vyper,esco,vyper software
warehousing regulations,esco,"codes governing warehousing activities, laws governing warehousing activities, legal requirements in warehousing activities, regulations governing warehousing activities, warehouse regulations, warehousing codes, warehousing legal standards, warehousing regulation, warehousing standards"
waterfall development,esco,"waterfall project management, waterfall software development"
web analytics,esco,
web based collaborative platforms,esco,"digital collaboration tools, online collaborative tools"
web programming,esco,markup programming
web scraping,concept,
webcms,esco,webcms software systems
well testing operations,esco,"operations to test wells, test operations on wells, volumetric well testing, volumetric well-testing, well testing procedures, well testing processes, well-testing operations, well-testing procedures, well-testing processes"
woodturning,esco,"turning wood, wood lathing, wood shaping, wood turning, wood working"
work in a land-based team,esco,"collaborate in land-based activities, collaborate in land-based machinery activities, collaborate in landscaping activities, collaborating in land-based activities, collaborating in land-based machinery activities, collaborating in landscaping activities, land-based team work, land-based team working, working in a land-based team"
work in a landscape team,esco,"direct a landscape team, direct a landscaping team, direct a team of landscapers, directing a landscape team, directing a landscaping team, directing a team of landscapers, work as part of a landscape team, work in a landscaping team, working as part of a landscape team, working in a landscape team, working in a landscaping team"
work in teams,esco,"collaborate on tasks, cooperate, cooperate with colleagues, foster social networks, handle team dynamics, support colleagues, team-working, work in groups, work in squads, working in teams"
work independently in landscaping,esco,"independently work in landscaping, independently working in landscaping, unsupervised work in landscaping, unsupervised working in landscaping, work in landscaping independently, work in landscaping unsupervised, work unsupervised in landscaping, working in landscaping independently, working in landscaping unsupervised, working independently in landscaping, working unsupervised in landscaping"
work to develop physical ability to perform at the highest level in sport,esco,"develop physical ability to perform at the highest level in sport, develop physical strength to excel in sports, strive to achieve highest levels in sports, work to perform at the highest level in sport"
work with advertising professionals,esco,"collaborate with advertising professionals, cooperate with advertising professionals, network with advertising professionals, work with ad professionals, work with advertising professional, work with advertising pros, working with advertising professionals"
work with healthcare users' social network,esco,"interact with healthcare users' social network, involve healthcare users' social network, work with the healthcare users' family and friends, work with the healthcare users' friends and family, work with the healthcare users' social network"
write database documentation,esco,provide database documentation
write javanese,esco,"correspond in written basa jawa, correspond in written cara jawa, correspond in written javanese, show competency in written javanese"
xgboost,library,
zoning codes,esco,"zoning laws, zoning regulations, zoning rules, zoning standards"
zoo exhibit design,esco,"zoo exhibit designs, zoo exhibit model, zoo exhibit plan, zoo exhibits design"
