skill,category,aliases
perform toxicological studies,esco,"carry out toxicological studies, apply toxicological testing methods, perform toxicological study, perform toxicological tests"
manage time in landscaping,esco,"landscaping scheduling, scheduling landscaping, schedule landscaping, landscaping time managing, time managing in landscaping"
develop terminology databases,esco,"define terminology databases prepare terminology databases, draw up terminology databases, populate terminology databases, write terminology databases, compile terminology databases"
pursue excellence in the creation of food products,esco,"look for excellence in the creation of food products, pursue excellence in the creation of a food product, aim for excellence in the creation of food products, seek excellence in the creation of food products"
network engineering,esco,network architecture
migrate existing data,esco,drift existing data
define database physical structure,esco,define database physical storage structure
maltego,esco,"maltego digital forensics tool, maltego cybersecurity tool, maltego forensics"
create model,esco,"create models, construct model, design model, creating model, make model, build model"
supervise work on design planning,esco,"supervising work on design planning, produce work on design planning, develop work on design planning, supervising the work on design planning, supervise the work on design planning, model work on design planning, arrange work on design planning"
erlang,esco,erlang programming language
manage ict data classification,esco,"lead ict data classification responsabilities, organise ict data classification responsibilities"
information structure,esco,"data structuring methods, types of data infrastructure, data infrastructure"
test materials,esco,"analyse materials, material test, examine materials, check materials, evaluate materials, material tests, material testing, assess materials"
manage temporary ict networks for live performance,esco,"manage dmx for performing art, manage rdm for performing art, manage midi for performing art, coordinate live performance technology, manage timecode control signals for performing art"
design beer recipes,esco,"design a beer recipe, arrange beer recipes, design beer recipe, model beer recipes, design of a beer recipe, develop beer recipes, produce a beer recipe"
keep up with digital transformation of industrial processes,esco,"keep up with digital transformation of industry, follow digital transformation of industry, keep pace with digital transformation of industrial processes, follow digital transformation of industrial processes, keep up to date with digital transformation of industrial processes"
apply tramway regulations,esco,"follow tram line regulations, abide to regulations governing operation of trams, apply legal regulations for tramway operations, comply with regulations governing tram network, follow legal requirements of tramway operations, understand tram grid regulations, comply with regulations applied to tramways, apply tram network regulations"
embargo regulations,esco,"embargo legislation, embargo regulation, embargo laws, embargo statutes, embargo rules, regulating an embargo"
sas language,esco,"sas coding, sas algorithms, sas testing, sas algorithm, sas programming language, sas principles for software development, sas techniques for software development"
carry out quality control in microbiology laboratories,esco,"perform quality control in microbiology laboratories, carry out quality control in a microbiology laboratory, carry out quality controls in microbiology laboratories, perform quality assurance testing in microbiology laboratories"
produce materials for decision making,esco,"produce materials for governing, gather data for decision making, compile materials for decision making, produce materials for management"
operate crosscut saw,esco,"operate crosscut saws, use crosscut saw, handle crosscut saw, control crosscut saw, operating crosscut saw, run crosscut saw, activate crosscut saw"
use cad for soles,esco,"use cad for sole designing, use cad for soles and heels, use computer-aided design for soles, employ computer-aided design for soles and heels, use cad for sole and heels designing, use computer-aided design for soles and heels, employ cad for soles and heels, employ cad for sole and heels designing, employ computer-aided design for soles, employ cad for sole designing"
perform online data analysis,esco,"implement online data analysis, undertake online data analysis, performing online data analysis, perform an online data analysis, performing an online data analysis, complete online data analysis"
test paper production samples,esco,"evaluate paper production samples, monitor paper production samples, measure paper production samples, check paper production samples, test paper production sample, testing paper production samples, verify paper production samples"
identify statistical patterns,esco,"identify statistical pattern, identifying statistical patterns, examine statistical patterns, evaluate statistical patterns, determine statistical patterns, assess statistical patterns"
keywords in digital content,esco,metadata tagging
domain name service,esco,"dns, dns server"
model medical devices,esco,"simulate medical devices, medical device modelling, medical device simulating, modelling medical devices, simulating medical devices, medical devices modelling, medical devices simulating"
general principles of food law,esco,"general principles of food rule, general principles of food laws, general principles of food legislation, general principles of food statutes, general principle of food law, general principles of food regulation, food law general principles"
mathematical modelling,esco,"mathematical computation, mathematical representation, mathematical simulation"
captioning software,esco,"captioning program, caption software, captioning plugin"
blockchain signature schemes,esco,"signature schemes for blockchain, digital signature schemes"
normalise data,esco,"prepare data, normalize data, perform data pre-processing"
property management software,esco,"pms, real estate management software, property operations software"
interpret scientific data to assess water quality,esco,"analyse scientific data to assess water quality, interpreting water quality data, scientific data analysing to assess water quality, analysing water quality data, assessing water quality data, scientific data interpreting to assess water quality, assess water quality data, interpret water quality data, analyse water quality data, analysing scientific data to assess water quality"
computer simulation,esco,"simulation software ansys, computer-based simulation"
administer ict system,esco,"administer system, operate system, administer network and system"
ensure compliance with environmental legislation,esco,"ensure compliance with environmental regulations, ensuring environmental legislation compliance, ensure environmental legislation compliance, ensuring compliance with environmental legislation, check compliance with environmental laws, ensuring of compliance with environmental legislation, lead implementation of environmental legislation, lead implementation of environmental policies and legislation, checking compliance with environmental laws"
manage research data,esco,"oversee scientific data, handle research data, administer research data"
quality prototype of a tobacco leaf,esco,"quality example of a tobacco leaf, quality model of a tobacco leaf, quality mock-up of a tobacco leaf, quality precursor of a tobacco leaf, quality prototype of tobacco leaves, tobacco leaf quality prototype"
test medical devices,esco,"testing a medical device, try medical devices, check medical devices, evaluate medical devices, test a medical device, testing medical devices"
be a role model in community arts,esco,"be a community arts' role model, be a person who is looked up to in the community arts, act as a role model in community arts"
produce statistical financial records,esco,"complete statistical financial records, produce a statistical financial record, provide statistical financial records, producing statistical financial records, administer statistical financial records, producing a statistical financial records, create statistical financial records"
digital printing,esco,"plotter, electronic printing, digital printings"
conduct patch testing,esco,"conduct patch-testing, apply patch testing, conduct patch testings, perform patch testing, carry out patch testing"
respect data protection principles,esco,"comply with data protection regulations, follow data protection principles, respect protection of data principles, respect principles for data protection"
cain and abel (penetration testing tool),esco,"cain and abel penetration testing software, cain and abel password recovery tool, cain and abel, cain and abel software for penetration testing, cain and abel penetration testing tool"
food plant design,esco,"food plant designs, food plant layouts, design of food plants, food plant developments, food plant arrangements, design of food plant, food plant models"
transportation software related to an erp system,esco,"transportation software related to an erp programme, transportation software relating to erp systems, transportation software relating to an erp system, transportation software related to erp systems, transportation software related to erp operations, transportation software related to an erp data, transportation software related to erp administration"
write javanese,esco,"correspond in written javanese, show competency in written javanese, correspond in written basa jawa, correspond in written cara jawa"
implement route planning in smart mobility services,esco,"calculate journeys, recommend journeys, use route planning software"
test nitroglycerin mixture,esco,"nitroglycerin mixture checking, check nitroglycerin mixture, testing nitroglycerin mixture, nitroglycerin mixture testing, checking nitroglycerin mixture"
agile project management,esco,agile management software
pharmaceutical legislation,esco,"pharmaceutical laws, pharmaceutical regulations, pharmaceutical norms"
network management system tools,esco,network management system components
perform liquid penetrant tests,esco,"conduct liquid penetrant tests, carry out liquid penetrant tests, engage in liquid penetrant tests, liquid penetrant tests, liquid penetrant testing, performing liquid penetrant testing"
maintain logistics databases,esco,"ensure logistics databases remain up to date, update logistics databases, update logistical databases, keep logistics databases, maintain logistical databases, keep logistical databases, perform logistics database maintenance activities, ensure logistical databases remain up to date, maintain databases of logistics information, carry out logics database maintenance activities, maintain databases of logistical information"
design package,esco,"arrange package, model package, design a package, produce package, develop package, design packages, designing a package"
perform laboratory tests,esco,"laboratory testing, engage in laboratory tests, performing laboratory tests, carry out laboratory tests, conduct laboratory tests"
place orders for computer products,esco,"place orders for computer stock, place orders for computer commodities, place orders for computer merchandise, place an order for computer products, place order for a computer product, place orders for computer brands, place orders for computer goods, placing orders for computer products"
manage donor database,esco,"create and update donor database, handle donor database, manage donor databases, manage database of donors, create and update donor databases"
gather data for forensic purposes,esco,"compile data for forensic purposes, collect data for forensic purposes"
statistical process control,esco,"quality control oversight, statistical process oversight, quality control jurisdiction, statistical process jurisdiction, quality control authority, quality control supervision, statistical process supervision, statistical process authority"
undertake clinical audit,esco,"conduct clinical audit, undertake internal clinical audit, collect statistical data related to service delivery, collect statistical data related to clinical audit, lead clinical audit"
conduct training on monitoring and evaluation frameworks,esco,"teach monitoring and evaluation frameworks, train staff on monitoring and evaluation frameworks"
rage (digital game creation systems),esco,"rage, rage, rage software framework, rage for digital game creation, rage software for digital game creation"
ruby (computer programming),esco,ruby
procedural law,esco,"procedural rules and regulations, procedural laws, procedural statutes"
common lisp,esco,common lisp programming language
develop communication networks with shipping sites,esco,"facilitate the delivery of goods by developing relationships with shipping sites, develop communication processes with shipping sites, create communication networks with shipping sites, develop communication procedures with shipping sites, develop connections with shipping sites, facilitate the delivery of goods by communicating with shipping sites, establish relationships with shipping sites, facilitate the delivery of goods by collaborating with shipping sites, develop communication systems with shipping sites, establish communication networks with shipping sites"
collect weather-related data,esco,"gather weather-related data, assemble weather-related data, collecting weather-related data, compile weather-related data"
gather data,esco,"convene data, collect data, data gavering, assemble data, aggregate data, gathering data"
social work theory,esco,"theoretical framework of social work, social work theoretical framework, apply social work theory to practice, social work theories, development and characteristics of social work, fundamentals of social work"
ict network routing,esco,"ict network routing techniques, ict network processes, ict network routing processes, ict network techniques"
test procedures in electricity transmission,esco,"test procedures in transmission of electricity, checking procedures in electricity transmission, check procedures in electricity transmission, testing procedures in electricity transmission"
sell consumer electronics,esco,"sell home electronics, selling consumer electronics, sell electronics, sell digital equipment, sell electronic equipment"
lisp,esco,"lisp software development principles, lisp algorithms, lisp software development techniques, lisp programming paradigms, lisp coding techniques"
maintain freelance database,esco,"repair database, conserve database, maintain databases, preserve database, maintain database, maintaining database, upkeep database"
digital game genres,esco,mechanics of digital games
assistive technology in education,esco,"assistive technology for learning purposes, digital devices for learning support, learning assistance technology, digital equipment for learning support, digital mainstream technologies for inclusive education"
model power electronics,esco,"design power electronics systems, assess power electronics viability, simulate power electronics"
electronic test procedures,esco,"testing procedures for electronic systems, electronic test protocols, testing procedures for electronics, testing protocols for electronics, electronic testing procedures, protocols for electronic testing, electronic testing protocols, protocols for electronic systems testing, procedures for electronic testing, testing protocols for electronic systems, procedures for electronic systems testing"
transfer uncut audiovisual material to computer,esco,"transfer unclipped audiovisual material to computer, transfer unedited audiovisual material to computer, transfer audiovisual uncut material to computer, transfer to computer uncut audiovisual material"
conduct analysis of ship data,esco,"perform data analysis activities on vessel data, use ship data analysis in decision making, conduct data analysis activities on ship data, evaluate ship data, conduct analysis of vessel data, perform analysis of vessel data, perform analysis of ship data, utilise vessel data analysis in decision making, analyse ship data"
software ui design patterns,esco,"software user interface design patterns, solutions for software user interface tasks, best practices for software user interface tasks, solutions for software ui tasks, software ui design best practices"
test wind turbine blades,esco,"wind turbine blades evaluating, testing wind turbine blades, evaluate wind turbine blades, wind turbine blades testing, evaluating wind turbine blades"
social alliances,esco,"social partnerships, social collaborative networks"
audiometry,esco,"measuring hearing acuity, diagnosing hearing impairment through audiometry, testing of a person's ability to hear sound frequencies"
use global distribution system,esco,"use computer reservation system, use system for global distribution, operate global distribution system"
computer forensics,esco,"forensic it, digital forensic investigation"
marketing analytics,esco,marketing data analytics
record survey data,esco,"processing survey data, record survey measurements, collating survey data, collate survey data, collation of survey data, recording survey measurements, recording of survey measurements, survey measurements recording, survey measurement recording, process survey data"
design interaction model,esco,"design virtual assistant skills, develop interaction model, design skills for interaction model"
test improved aeronautical information management systems,esco,"test aeronautical information management systems for improvement, test functions of improved aeronautical information management systems, perform testing on aim systems, perform aim improvement testing, test aim systems for improvement, perform testing on improved aeronautical information management systems, test functions of improved aim systems, conduct aeronautical information management systems improvement testing, test improved aim systems, conduct aim improvement testing"
legislation about animal origin products,esco,"animal origin products legislation, rules about animal origin products, laws about animal origin products, regulations about animal origin products, precedents about animal origin products, legislation of animal origin products, legislation regarding animal origin products"
perform failure analysis of production process,esco,"avoidance of single point of failure, functional failure analysis, fault tree analysis, testability analysis, accelerated testing, reliability hazard analysis and modelling, failure mode and effect analysis, rca and rcfa, root-cause and root-cause failure analysis, dynamic reliability block-diagram analysis"
maintain pricing database,esco,"sustain pricing database, maintain pricing databases, preserve pricing database, maintaining a pricing database, control pricing database, manage pricing database, maintain a pricing database"
optical character recognition software,esco,"ocropus, (a9t9) freeocr, puma.net, simpleocr, leadtools, readsoft, ocr, ocrad, meocr, expervision typereader & rtk, dynamsoft ocr sdk, scantron, asprise ocrsdk, freeocr, cuneiform, microsoft office document imaging, anydoc software, microsoft office onenote 2007, gocr, tesseract, smartscore, mathocr, nicomsoft ocr sdk, ocrfeeder"
type error-free documents,esco,"enter error-free documents into the computer, typing error-free documents, type error free documents, type documents that are free of errors"
"maxillo-facial, oral, and dental surgery",esco,"surgical interventions to treat injuries of the teeth, mouth, face, jaws and skull, maxillo-facial, oral and dental surgeries, dental, oral and maxillo-facial surgery, types of dental surgery"
particle animation,esco,"particle animation software, particles movement simulation, particle simulation software, particle based animation"
airport planning,esco,"planning for airport activities, airport scheduling activities', planning for airport operations, airport operational planning, scheduling and planning activities in airports, airport strategic planning, programming for airports, airport programming"
work in a landscape team,esco,"working in a landscaping team, direct a team of landscapers, direct a landscape team, work in a landscaping team, working in a landscape team, directing a landscaping team, work as part of a landscape team, working as part of a landscape team, directing a team of landscapers, directing a landscape team, direct a landscaping team"
conduct metallurgical structural analysis,esco,"testing new metal products, conduct analysis of metallurgical structure, conducting analysis of metallurgical structure, conducting of metallurgical structural analysis, analysing new metal products, analyse new metal products, conducting metallurgical structural analysis, test metal products, conduct of analysis of metallurgical structure, metallurgical structural analysis conduct"
laws on the transportation of dangerous goods,esco,"legal provisions on the transportation of dangerous goods, legal requirements governing the transportation of hazardous material, transportation of dangerous goods legislation, legal regulations governing the transportation of hazardous material, legal regulations governing the transportation of dangerous goods, legislation on the transportation of dangerous goods, transportation of dangerous goods law, legal requirements governing the transportation of dangerous goods"
business intelligence,esco,"business analytics, bi, business intelligence tools"
manage digital libraries,esco,"manage a digital library, managing digital libraries, coordinate digital libraries, handle digital libraries"
implement ict security policies,esco,"implementing computer network safety policies, implementing ict safety policies, implement computer network safety policies, implement ict safety policies, implement computer network security policies, apply on-line safety guidelines, ict safety policies implementing, apply on-line security guidelines, on-line security guidelines applying, on-line safety guidelines applying"
personalise sports programme,esco,"personalise programmes of sports, personalize sports program, personalise sport programming, use programme personalisation, plan a tailor-made fitness programme"
ibm infosphere datastage,esco,"cognos data manager, infosphere datastage mvs edition, ibm infosphere datastage workgroup edition"
understand written javanese,esco,"interpret written javanese, make sense of written javanese, read javanese, understand javanese writing, comprehend written basa jawa, comprehend written javanese, comprehend written cara jawa"
web analytics,esco,
use e-services,esco,"use online payment solutions, make use of e-services, use electronic services, engage in citizenship through digital technologies, able to use e-services, apply e-services, utilise e-services"
collect geological data,esco,"collecting and logging cores, map geology, collect and log cores, collecting of geological data, surveying geology, collection of geological data, geological data collection, survey geology, mapping geology, collecting geological data"
digital journalism,esco,online journalism
health care legislation,esco,"healthcare legislation, medical law, healthcare laws and regulations, patient's rights and practitioners' responsibilities"
utilise computer-aided software engineering tools,esco,"utilise case tools for software design, utilize case tools for software design, utilize computer-aided software engineering tools, utilise case tools, use case tools"
screen reader,esco,"assistive technology for reading, text-to-speech software"
perform laboratory testing on samples of animals,esco,"conduct laboratory tests on samples of animals, perform laboratory testing on samples of an animal, carry out laboratory tests on samples of animals, conduct laboratory testing on samples of animals, perform laboratory testing on sample of animal, interpret laboratory tests on samples of animals, perform laboratory testing on animal samples"
apply 3d imaging techniques,esco,"create 3d vector graphics, apply curve modelling, apply digital scuplting, edit point clouds, implement 3d imaging techniques"
handle warranty for digital equipment,esco,
shape candles,esco,"form candles, shaping candles, shape a candle, create candle, make candles, mould candles"
manage electricity transmission system,esco,"managing electricity transmission system, electricity transmission system managing, managing electricity power network, electricity power network managing"
develop data link services for navigation purposes,esco,"develop data link services for air-ground communication, apply data link services for air-ground communication, implement satellite technologies and data link services for navigation purposes, apply data link services and satellite technologies for navigation purposes, implement data link services and satellite technologies for navigation purposes, create data link services for air-ground communication, develop data link services for air-ground communication operations, create data link services for navigation purposes, apply satellite technologies for air-ground communication, develop data link services for navigation"
use spreadsheets software,esco,"google sheets, planmaker, gnumeric, oxygenoffice professional calc, resolverone, thinkfree office calc, cellpro, simple spreadsheet, corel calculate, ms excel, wikicalc, calligra sheets, qt calc express, lotus 1-2-3, quantrix modeler, dolphinity planner, kingsoft spreadsheet, sheetster, accel spreadsheet, libreoffice calc, microsoft office excel, use spreadsheets program, ibm lotus symphony spreadsheets, household budget worksheet, design spreadsheets, myrtle, ability office spreadsheet, dhtmlxspreadsheet, ooo4kids calc, lotus improv, sphygmic software spreadsheet, zoho sheet"
java (computer programming),esco,"java 2, java 2 enterprise edition, java"
analyse data for policy decisions in trade,esco,"search data for policy decisions in trade, test data for policy decisions in trade, analysing data for policy decisions in trade, investigate data for policy decisions in trade, scrutinise data for policy decisions in trade, analyze data for policy decisions in trade, analyse data for a policy decision in trade, analysis of data for policy decisions in trade"
maintain information network hardware,esco,"maintaining information network hardware, maintain network hardware, keep information network hardware in good condition, oversee information network hardware, keep up information network hardware"
tram network,esco,"tramways, public tram services, tram system, public tram network, tram routes, tram lines, public transportation by tram, tram grid"
assess data collected to improve community arts programme,esco,"assess data collected to improve community arts programmes, assessing sustainability data collected to improve community arts programme, interpret data collected to improve community arts programme, analyse data collected to improve community arts programme, assess data collected to improve community art programme, assess data to improve community arts programme"
creatively use digital technologies,esco,"use digital technologies for cognitive tasks, use digital technologies for process innovation, use digital technologies for product innovation, use digital technologies to resolve conceptual problems, use digital technologies for problem-solving in digital environments"
election law,esco,"election legislation, election rules, ballot legislation, ballot rules, balloting laws, balloting statutes, election statutes"
manage water quality testing,esco,"managing water quality testing, water quality testing managing, water quality test supervising, supervising water quality testing, supervise water quality testing, water quality tests supervising"
anticipate potential deficiencies,esco,"anticipate potential issues, foresee deficiencies, predict potential deficiencies, anticipate potential shortcomings, anticipate potential flaws, anticipate potential weaknesses, anticipate problems, predict shortcomings, predict problems, foresee potential flaws"
use meteorological information,esco,"utilise meteorological information, use information on weather conditions to inform operational decision making, interpret and use meteorological information, utilise meteorological data, provide advice on operational safety according to information on climatic conditions, inform operational decision making through use of meteorological information, provide advice on operational safety according to meteorological information, provide advice on operations using meteorological information, advise on safety of operations according to meteorological information, interpret and utilise meteorological information, use meteorological data"
arrange surgery operating site,esco,"ensure adequate visualisation of the operating room, ensure adequate visualisation of the operating site, ensure proper visualisation of operating sites, ensure proper visualization of the operating site, ensure proper visualization of operating site, provide proper visualisation of the operating site, ensure proper visualization of operating sites"
use data processing techniques,esco,"use a data processing technique, apply data processing technique, make use of data processing techniques, utilize data processing techniques, gather and analyse data"
information architecture,esco,"data architecture, information system design"
use creative suite software,esco,"apply creative suite software, operate creative suite software, creative suite software use, using creative suite software, employ creative suite software"
use chromatography software,esco,"chromatography software using, chromatography software applying, applying chromatography software, using chromatography software, apply chromatography software"
run a projection,esco,"project images, operate a projector and it's sources, run a digital projection, operate projection equipment"
shiva (digital game creation systems),esco,shiva
media law,esco,"media regulation, media rules, media legality, media norms, media legislation, media laws, media standards"
"evaluate data, information and digital content",esco,"evaluate digital content, evaluate digital data"
solution deployment,esco,"implementation of solutions, software solution deployment"
conduct routine blood testing,esco,"conduct routine blood-testing, conduct a routine blood test, carry out routine blood testing, carry out a routine blood test, carry out routine blood-testing, do a routine blood test"
interpret current data,esco,examine current data
solve problems in gambling through digital means,esco,"solve gambling problems through digital means, work out gambling problems through digital means, find a solution to problems in gambling through information technology, solving problems in gambling through digital means"
liaise with transportation companies,esco,"negotiate with transportation companies, conduct communication processes with transportation companies, establish relationships with transportation companies, coordinate with transport companies, liaise with transport companies, make connections with transportation companies, develop networks with transportation companies, coordinate with transportation companies"
urban planning law,esco,"urban planning legality, urban planning standards, urban planning laws, urban planning rules, urban planning legislation, urban planning norms, urban planning regulation"
test dental instruments,esco,"assess dental instruments, dental instrument assessing, testing dental instruments, dental instruments assessing, dental instruments testing, assessing dental instruments, testing a dental instrument, dental instrument testing"
angular,esco,"angular related algorithms, testing in angular, programming paradigms in angular, coding in angular, angular techniques and principles"
adapt sets,esco,"convert sets, adjust sets, remodel sets, adapting sets"
use specialised computer models for weather forecasting,esco,"utilise specialised computer modelling software for weather forecasting, anticipate weather conditions through use of computer models, use specialized computer models for weather forecasting, utilise specialised computer models for weather forecasting, develop weather forecasts using computer models, anticipate weather conditions through use of computer modelling software, develop long and short term weather forecasts using computer models, use specialised computer modelling software for weather forecasting, utilise specialised computer models for weather forecasts, use specialised computer models for weather forecasts, develop long and short term weather forecasts using computer modelling software"
compose digital game story,esco,write digital game story
types of table saws,esco,"varieties of table saws, categories of table saws, sorts of table saws, type of table saw, kinds of table saws"
select soap shaping plate,esco,"choose soap shaping plate, selecting soap shaping plate, soap shaping plate selecting, choosing soap shaping plate, soap shaping plate choosing"
design computer network,esco,"design lan, design wide area network, design wan, design local area network"
operate rail-flaw-detection machine,esco,"use locomotive to detect rail flaws, identify rail flaws through use of locomotive, use specialist equipment to identify rail flaws, operate rail-flaw-detection machines, operate rail-flaw-detection equipment, operate equipment for rail-flaw-detection, utilise rail-flaw-detection machines, use locomotive to identify rail flaws, detect rail flaws through use of locomotive, use specialist equipment to detect rail flaws, use rail-flaw-detection-machine"
cryptocurrency,esco,"crypto, digital currency"
embedded systems,esco,"embedded systems software architectures, embedded software"
test the rail-flaw-detection machine,esco,"utilise circuit testers to test the rail-flaw-detection machine, perform testing of the rail-flaw-detection machine, monitor the effectiveness of railway safety equipment, undertake tests of the rail-flaw-detection machine, ensure the operability of railway safety equipment, carry out tests of the rail-flaw-detection machine, conduct testing of the rail-flaw-detection-machine"
computer programming,esco,"gcc, ada, algol, visual basic .net, visual basic, hypertalk, applescript, ceylon, labview, euphoria, subversion, ocaml, pl/i, msvc++, dylan, aspectj, korn-shell, stl, io, hack, turing, object pascal, curl, dibol, ct, knockoutjs, bash, seed7, emacs lisp, opencv, rebol, lua, bcpl, actionscript, c shell, awk, intercal, comal, powershell, occam, fantom, caml, z shell, tcl, squirrel-script, idl, gosu, fortran, x10, angularjs, rexx, biztalk, coldfusion, postscript, tacl"
city road network,esco,"city road transportation network, city road transport network, road transportation infrastructure in urban areas, metropolitan road transport network, road transport infrastructure in metropolitan areas, metropolitan road network, urban road transport network, road infrastructure in metropolitan areas, road transportation infrastructure in cities, urban road network, road transport infrastructure in cities, road transport infrastructure in urban areas"
set quality assurance objectives,esco,"develop quality assurance framework, set qa objectives, set qc objectives, develop quality control framework, set qa/qc objectives, develop qc framework, set quality control objectives, develop qa framework"
test microelectromechanical systems,esco,"microelectromechanical systems checking, testing microelectromechanical systems, microelectromechanical systems testing, mems testing, checking mems, test mems, check microelectromechanical systems, checking microelectromechanical systems, check mems, mems checking, testing mems"
ensure compliance with safety legislation,esco,"ensure compliance with safety regulations, ensuring of compliance with safety legislation, ensure compliance with safety laws and programmes, ensure compliance with safety laws, ensuring compliance with safety legislation, ensuring safety legislation compliance, implement mine safety programmes, ensure safety legislation compliance"
use presentation software,esco,"kingsoft office presentation, corel presentations, using presentation software, slide bureau, make use of presentation software, customshow, snagit, adobe persuation, preseria, haiku deck, google slides, adobe ovation, libreoffice impress, evernote presentations, prezi, clearslide, emaze, slideshare, visualbee, mediashout, slidedog, able to use presentation software, slideshark, produce electronic presentations, utilise presentation software, microsoft office powerpoint, apply presentation software, use presentation program, articulate presenter, powtoon, goanimate, knowledgevision, kineticast, use slide show software"
identify digital competence gaps,esco,identify areas for improvement in digital skills
airport environmental regulations,esco,"airport environmental codes, environmental regulations at airports, environmental standards in airports, airport environmental laws, air travel environmental regulations, environmental policies in airports, airport environment regulations, environmental safeguarding policies for airports"
pose in front of a camera,esco,"sit in front of a camera, posing in front of a camera, model in front of a camera, stand in front of a camera, pose for a camera"
carry out neuropsychological testing,esco,"carry out neuro-psychological testing, carry out neuropsychological testings, perform neuropsychological tests, apply neuropsychological testing, run neuropsychological tests"
software architecture models,esco,"software architecture patterns, software architecture frameworks"
pose for artistic creation,esco,"sit for artistic creation, be a model for artistic creation, pose as a model, sit for an artist, pose for an artist"
software frameworks,esco,software engineering frameworks
decentralized application frameworks,esco,"decentralized applications on blockchain infrastructure, decentralized software characteristics, decentralized software frameworks"
debug software,esco,"analyse testing results for incorrect software output, locate defects causing unexpected software output, repair computer code for software, fix computer code for software"
use concurrent programming,esco,"parallel computing, use parallel computing"
model based system engineering,esco,"mbse methodology, mbse, model based system engineering methodology"
use rental management software,esco,"use of rental management software, operate rental management software, apply rental management software, adopt rental management software, handle rental management software, using rental management software, rental management software use"
data mining,esco,data scraping
type texts from audio sources,esco,"type text from audio sources, typing texts from audio sources, enter texts from audio sources into computer, type texts from audio source"
cam software,esco,"nc manufacturing software, computer-aided manufacturing software, computer aided manufacturing software, numeric control manufacturing software"
develop an artistic framework,esco,"develop artistic research framework, develop an artistic research framework, create a research framework plan, create a plan for artistic research, produce artistic framework, develop a framework for artistic research, develop artistic frameworks, create artistic framework, generate artistic framework, developing artistic framework"
maintain personal development in psychotherapy,esco,"develop and monitor personal qualities as psychotherapist, apply personal development techniques as a psychotherapist, uphold personal development in psychotherapy, maintain psychotherapeutical personal development"
create a crowdfunding campaign,esco,"launch crowdfunding initiative, setup a digital crowdfunding activity"
liaise with genetic laboratories,esco,"collaborate with genetic laboratory, contact genetic laboratory, liaise with genetic testing room, collaborate with genetic laboratories, liaise with genetic testing rooms, connect with genetic laboratories, connect with genetic laboratory, communicate with genetic laboratories, contact genetic laboratories, communicate with genetic laboratory, keep contact with genetic laboratories"
test circuitry,esco,"conduct signal circuitry testing, test circuits of signals, conduct signal circuit testing, carry out circuit tests, undertake circuit testing activities, test circuits, test signal circuits, perform tests on circuitry, test signal circuitry, conduct circuit tests"
align software with system architectures,esco,"integrate software into system frameworks, harmonise software with system architectures, coordinate software with architectural structures"
monitor gauge,esco,"oversee gauge, monitor gauge data, check gauge, monitor gauges, monitor gage, monitor metered and associated data, supervise gauge"
record production data for quality control,esco,"file production data for quality control, keep records of production data for quality control, file machinery fault statistics for quality assurance, evidence record machinery fault statistics for quality assurance, evidence record production data for quality control, chronicle machinery fault statistics for quality assurance, document production data for quality control, chronicle production data for quality control, document machinery fault statistics for quality assurance"
food waste monitoring systems,esco,"food waste monitoring digital tools, food waste monitoring applications, digital tools for food waste monitoring, hospitality food waste monitoring systems, food loss tracking"
analyse energy market trends,esco,"analyze energy market trends, analysing energy market data, analysing energy market trends, energy market trends analysing, energy market data analysing, energy market trend analysing"
perform forensic preservations of digital devices,esco,conduct forensic preservations of digital devices
record malting cycle data,esco,"document malting cycle data, note malting cycle data, recording malting cycle data, report malting cycle data, file malting cycle data, record of malting cycle data"
manage database,esco,implement database theory
use media software,esco,"operate sound editing software, use image editing software, use 3d projecting software, operate media editing software, employ visual programming software"
operate band saw,esco,"control band saw, handle band saw, use band saw, operating band saw, run band saw, activate band saw, operate band saws"
create patterns for garments,esco,"design patterns for wearing apparel, create master patterns, design patterns for garments, draw patterns for wearing apparel by hand or by computer, draw patterns for garments by hand or by computer, manually create patterns for garments, manually create patterns for wearing apparel, digitally create patterns for garments, create patterns for wearing apparel, digitally create patterns for wearing apparel"
intellectual property law,esco,"intellectual property laws, intellectual property regulation, intellectual property statutes, intellectual property rules, intellectual property legislation, the law of intellectual property, the laws of intellectual property"
develop translation memory software,esco,"translation memory software development, prepare translation memory software, create translation memory software, write translation memory software, define translation memory software, development of translation memory software"
use computer telephony integration,esco,"perform computer telephony integration, computer telephony, computer–telephone integration, computer telephony integration, cti"
operate open source software,esco,"know open-source software licensing schemes, know open-source software coding practices, know open-source licensing schemes, know open-source coding practices, manage open-source software"
collaborate through digital technologies,esco,"use voip conference calling, use concurrent file editing, use online meeting tools, use online tools to collaborate, make use of online tools to collaborate, utilise online tools to collaborate, able to use online tools to collaborate, apply online tools to collaborate, using online tools to collaborate"
use software design patterns,esco,"use programming design patterns, utilise software design patterns"
collect mapping data,esco,"preserving mapping data, collection of mapping data, preserve mapping data, mapping data collection, preservation of mapping data, conserve mapping data, collecting mapping data, conservation of mapping data, mapping data preservation, collecting of mapping data"
perform data analysis,esco,"analyse data performance, perform analysis of data, implement data analysis, performing data analysis, undertake data analysis, complete data analysis"
emission standards,esco,"vehicle emission standards, air pollution control standards, emission regulations, standards for vehicle emissions, air pollution controls, emission laws, air pollution vehicle regulations, legal requirements for emissions"
prolog (computer programming),esco,prolog
types of crosscut saws,esco,"kinds of crosscut saws, type of crosscut saw, sorts of crosscut saws, varieties of crosscut saws, categories of crosscut saws"
use logic programming,esco,"utilise ict tools for logic programming, use datalog for logic programming, employ answer set programming, employ ict tools for logic programming, use prolog for logic programming"
test make-up,esco,"check out the make-up, test the make-up, try the make-up, testing make-up"
macro-regional strategy,esco,"macro-regional development plan, large-scale regional strategy, large-scale regional strategic framework"
investigate pollution,esco,"testing for pollution, pollution investigating, pollution testing, investigating pollution, test for pollution"
manufacturing of metal structures,esco,"assembling metal structures, building metal structures, erecting construction frameworks and skeletons, building construction frameworks and skeletons, assembling construction frameworks and skeletons, constructing metal structures, constructing construction frameworks and skeletons, erecting metal structures"
test alkalinity,esco,"checking alkalinity, alkalinity testing, alkalinity checking, testing alkalinity, check alkalinity"
establish data processes,esco,"develop data processes, implement data processes"
landscape architectural instruments,esco,"implications of laws and codes pertaining to landscape architecture, scope of laws and codes pertaining to landscape architecture, impact of laws and codes pertaining to landscape architecture, types of landscape architectural instruments and codes, range of laws and codes pertaining to landscape architecture, scope of landscape architectural instruments and codes, range of landscape architectural instruments and codes, typology of landscape architectural instruments and codes"
ict network security risks,esco,"ict network security threats, information systems security risks"
archive healthcare users' records,esco,"store healthcare users' records, store health records of healthcare users, archive healthcare users' data, archive health records of healthcare users, archive health data of healthcare users"
create digital files,esco,"create digital file, make digital files, generate digital files, creating digital files"
test optical components,esco,"optical component testing, testing optical components, checking optical components, optical components checking, optical components testing, check optical components, optical component checking"
set management priorities in pipeline networks,esco,"establish management priorities in pipeline networks, prioritise the activities performed in pipeline networks, analyse pipeline networks to determine operational priorities, direct management priorities in pipeline networks, set priorities in pipeline networks, assess pipeline infrastructure to determine operational priorities, direct priorities in priorities in pipeline infrastructure networks, evaluate pipeline networks to determine operational priorities, manage priorities in pipeline networks, analyse pipeline infrastructure to determine operational priorities, prioritise the tasks performed in pipeline networks, establish priorities in pipeline networks"
computer history,esco,"computers history, history of computers, informatics history"
octopus deploy,esco,octopus deploy software program
neuroscience,esco,neural science
create concept of digital game,esco,design concepts of digital games
use ict systems,esco,"complete complex tasks through use of ict systems, use information and communication technology systems, conduct work activities using ict systems, complete complex tasks through utilisation of ict systems, use computer systems, utilise ict systems, perform work tasks using ict systems, use information and communication technologies, use ict, utilise information and communication technologies, work using ict systems"
pose nude,esco,"be a nude model for artistic creation, pose nude for artistic creation, pose naked, model nude, pose naked for artistic creation, model naked, model naked for artistic creation, model nude for artistic creation"
procurement of ict network equipment,esco,"network equipment vendors, nec, alcatel-lucent, ericsson, juniper networks, avaya, ciena"
record test data,esco,"document test data, record data of tests, record trial data, record experiment data"
machine translation,esco,"computer-assisted translation, automatic translation, machine translating, cat tranlsation"
test mine equipment,esco,"mining equipment testing, test mining equipment, testing mine equipment, test electric mining equipment, testing mining equipment, checking operation of mining equipment, testing of mine equipment, verify operation of mining equipment, testing of mining equipment, mine equipment testing, check operation of mining equipment, verifying operation of mining equipment"
use polygonal modelling,esco,"represent 3d polygonal models, apply polygonal modelling, employ polygon-based modelling"
protect personal data and privacy,esco,"protect online privacy and identity, review online privacy settings, take action to ensure online privacy, safeguard online identity and privacy, protect digital privacy, protect digital identity, safeguarding online privacy and identity, safeguard online privacy and identity, keep online privacy and identity secure, defend online privacy and identity, safeguard online privacy and identities"
social network analysis,esco,social network analysis methods
digital identity management,esco,"iam, digital identity methods"
evaluate social work program's impact,esco,"evaluate impact of social work program, evaluate social work programs' impact, impact evaluation of social work program, evaluate social work programmes' impact, impact evaluation of social work programs, impact evaluation of social work programme, evaluate impact of social work programme, impact evaluation of social work programmes, evaluate social work programme's impact, collect data to evaluate social work programme"
process data from railway control rooms,esco,"evaluate data from railway control rooms, conduct railway control room data processing activities, process control room data to ensure effective railway operations, perform railway control room data processing activities, use control room data to ensure effective railway operations, assess data from railway control rooms, analyse data from railway control rooms, use control room data to inform railway operations, utilise data from railway control rooms"
business law,esco,"business norms, the law of business, business laws, business regulation, business legislation"
spot metal imperfections,esco,"see metal imperfections, diagnose component and workpiece faults and flaws, identify metal imperfections, identify component and workpiece faults and flaws, see component and workpiece faults and flaws, diagnose metal imperfections, determine component and workpiece faults and flaws, determine metal imperfections"
international maritime organisation conventions,esco,"international maritime organization conventions, international maritime organisation codes, international maritime organisation shipping standards, imo regulatory framework, imo regulations, international maritime organisation best practice in international shipping, imo conventions, conventions of the international maritime organisation, international maritime organisation practice of international shipping, imo practice of international shipping, imo shipping standards, codes of the international maritime organisation, imo codes, conventions of the imo, imo best practice in international shipping"
visual presentation techniques,esco,"infoviz, information visualisation, visualization interface, infovis, information visualization"
test power electronics,esco,"evaluate power electronics, gather data on power electronics, validate battery planning, perform battery diagnosis, analyse power electronics, analyse battery failures, assess power electronics"
woodturning,esco,"wood turning, turning wood, wood lathing, wood shaping, wood working"
pharmacy law,esco,"legal framework for pharmacy activities, pharmacy laws and regulations, pharmacy laws"
adjust jewellery,esco,"adjust jewelry, rework jewellery, adjusting jewellery, remodel jewellery"
interpret extraction data,esco,"processing of extraction data, extraction data interpretation, interpreting extraction data, interpretation of extraction data, interpreting of extraction data, extraction data processing, processing extraction data, process extraction data"
cast jewellery metal,esco,"mold jewellery metal, cast jewellery metals, model jewellery metal, cast jewelry metal, cast metal for jewellery, casting jewellery metal, shape jewellery metal"
digitise documents,esco,"scan documents, carry out document digitisation"
leather physical testing,esco,"leather physical testing machines usage, physical testing of leather, leather physical tests, physical tests for leather, usage of physical testing machines for leather properties, usage of leather physical testing machines"
prepare cost-plus pricing models,esco,"arrange cost-plus pricing models, supply cost-plus pricing models, plan cost-plus pricing models, preparing cost-plus pricing models, provide cost-plus pricing models, develop cost-plus pricing models, prepare a cost-plus pricing model, preparing a cost-plus pricing model"
provide neuromusculoskeletal therapy,esco,"give neuromusculoskeletal therapy, offer neuromusculoskeletal therapies, offer neuromusculoskeletal therapy, provide neuromusculoskeletal therapies"
analyse scientific data,esco,"analyse science data, analysing scientific data, analyze scientific data, examine scientific data, study scientific data, scrutinize, review scientific data, survey scientific data"
conduct cupping therapy,esco,"perform cupping therapy, carry out cupping therapy, conduct a cupping therapy, perform local suction with cups, conduct cupping therapies"
perform product testing,esco,"execute inspection of finished products, undertake inspection of finished products, undertake product testing, complete inspection of finished products, implement product testing, complete product testing, execute product testing, implement inspection of finished products"
cameras,esco,"types of camera, typology of cameras, kinds of camera, sorts of camera, video camera, digital camera, film camera"
network with store owners,esco,"network with store owner, networking with store owners, network with owners of stores, collaborate with store owners, work together with store owners"
apply statistical analysis techniques,esco,"apply numerical analysis to data, apply jmp statistical analysis techniques, apply minitab statistical analysis techniques"
build predictive models,esco,"devise predictive models, assemble predictive models, building predictive models, construct predictive models, build a predictive model, produce predictive models, building a predictive model"
digital systems,esco,digital information systems
run a media server,esco,"run a server for the media, carry out planned installation of media system, running media servers, operate a media server"
analyse chemical substances,esco,"chemical substance testing, testing chemical substances, chemical substances analysing, analysing chemical substances, chemical substances testing, analyze chemical substances, chemical substance analysing, test chemical substances"
legal requirements in the social sector,esco,"legal requirements for the social sector, laws and regulations in the social sector, social sector's legal requirements, legislative and regulatory requirements in the social sector, legislation in the social sector"
tobacco manufacturing regulations,esco,"tobacco manufacturing rules, tobacco manufacture regulation, tobacco manufacturing statutes, tobacco manufacturing ordinances, tobacco manufacture regulations, tobacco manufacturing laws, tobacco manufacturing regulation"
machine learning,esco,"ml, supervised learning, machine learning models, semi-supervised learning, unsupervised learning"
cadd software,esco,"cadd software specifications and operations, cadd softwares, computer-aided design and drafting software"
shape ornamental design,esco,"prepare ornamental design, remodel ornamental design, modify ornamental design, modify decorative forms and shapes, adapt ornamental design, remodel decorative forms and shapes, prepare decorative forms and shapes, adapt decorative forms and shapes"
oracle data integrator,esco,odi
create software design,esco,create application design
manage mine site data,esco,"collect mine spatial data, managing mine site data, collect spatial data, managing of mine site data, mine site data management, management of mine site data, manage site data, managing site data, collecting spatial data, collecting mine spatial data"
use specialised design software,esco,"use specialized design software, using specialised design software, work with specialised design software, utilize specialised design software"
analyse business model,esco,"understand business model, evaluate business models, define models for business"
provide early intervention therapy to infants,esco,"provide early intervention therapy to young children, offer early intervention therapy to infants, identify young children with developmental delays, provide early intervention therapies to infants, provide early intervention therapy to an infant"
biometrics,esco,"biostatistics, biometry"
use software for data preservation,esco,preserve digital evidence
use computer-aided engineering systems,esco,"use a computer-aided engineering system, utilise computer-aided engineering systems, use a cae system, use cae systems, work with cae systems, employ cae systems, operate computer-aided engineering systems, deal with cae systems, apply computer-aided engineering systems"
check wine quality,esco,"wine quality testing, check wines' quality, check quality of wine, inspect wine quality"
perform physical stress tests on models,esco,"organise physical stress test with models, carry out physical stress tests with models, accomplish physical stress tests with models, conduct physical stress test with models, execute physical stress tests with models, do physical stress tests with models, perform a physical stress test on models, complete physical stress tests with models"
digital compositing,esco,"digital compositing process, image compositing"
javascript,esco,"client-side javascript, live script, escript, csjs, mocha, server-side javascript"
decision support systems,esco,"decision-making tools, decision support matrix, decision support software"
db2,esco,"db2 connect, db2 for i, ibm db2, ibm db2 database software, db2 for z/os, db2 database software, db2 on cloud"
comply with legal regulations,esco,"legal regulation compliance, comply with legal rules, comply with legal legislation, comply with legal laws, comply with legal statutes, comply with a legal regulation, complying with legal regulations"
european firearms-control legislation,esco,"european firearm-control legislation, european firearms-control laws, european gun-control rules, european firearms control legislation, eu firearms-control legislation"
assemble hardware components,esco,"computer hardware assembling, computer components assembling, assembling computer hardware, assembling computer components"
trade union regulations,esco,"trade union regulation, trade union rules, trade union laws, regulations for trade unions"
ict accessibility standards,esco,"digital accessibility standards, accessibility standards and guidelines, assistive technology standards"
perform dimensionality reduction,esco,"data feature engineering, t-distributed stochastic neighbor embedding, data feature extraction, data feature selection, multidimensional scaling, t-sne, kohonen self-organizing map"
practise veterinary professional codes of conduct,esco,"practice veterinary professional codes of conduct within national and eu laws, practice according to veterinary professional codes of conduct, practice veterinary professional code of conduct, practice veterinary professional codes of conduct, adhere to animal related legislation, adhere to veterinary health and safety legislation"
well testing operations,esco,"well-testing operations, volumetric well-testing, well-testing processes, test operations on wells, well testing processes, well-testing procedures, well testing procedures, volumetric well testing, operations to test wells"
medical device test procedures,esco,"procedures for testing medical devices, medical device testing procedures, medical device testing methods, testing procedures for medical devices, test procedures for medical devices, test methods for medical devices, methods for testing medical devices, testing methods for medical devices"
printed circuit boards testing methods,esco,"in-circuit test, testing methods for printed circuit boards, automated optical inspection, aoi, joint test action group test, methods for testing pcbs, jtag test, methods for testing printed circuit boards, pcb testing methods, pcbs testing methods"
analyse large-scale data in healthcare,esco,"analyse large-scale data in health care, analyse statistics in healthcare, analyse statistic in healthcare, interpret large-scale data in healthcare, assay large-scale data in healthcare, evaluate large-scale data in healthcare, carry out large-scale data in healthcare, analyze large-scale data in healthcare, examine large-scale data in healthcare, analyse big data in healthcare"
data warehouse,esco,"enterprise data storage, data warehouse solutions, data repository"
test electrical equipment,esco,"testing electrical equipment, check electrical equipment, testing electrical welder system, checking electrical equipment, electrical equipment checking, electrical equipment testing"
maintain service record book,esco,"record data in service record book, keep track of service record book, insert data into service record book, complete service record book, maintain data in service record book, fill in service record book, monitor and maintain service record book, record activities in service record book, ensure data in service record book remains up to date"
test leather chemistry,esco,"leather chemistry testing, assess chemical properties of leather, test the chemistry of leather, assess the chemistry of leather, assess leather chemistry, test chemical properties of leather"
ict security standards,esco,"ict security compliances, cyber security frameworks, it security frameworks, cyber security compliances, ict security frameworks, information security compliances, information security frameworks, cyber security standards, it security compliances, it security standards, information security standards"
share through digital technologies,esco,"share data through appropriate digital technologies, share digital content through appropriate digital technologies, act as intermediary in digital technology"
liaise with financiers,esco,"liaising with financiers, network with financiers, liaise with financier, interact with financiers, schmooze with financiers"
mine safety legislation,esco,"mines safety legislation, safety legislation regarding mines, mine safety regulations, mining safety legislation, mining safety laws, safety legislation regarding mining, mining safety codes of practice, mine safety laws"
test ground system performance,esco,"execute ground systems performance testing, conduct ground system performance testing, assess functionality of ground systems, perform ground systems performance testing, test performance of ground systems, assess performance of ground systems, test functionality of ground systems, carry out ground systems performance testing, develop tests for ground system performance, develop tests for performance of ground systems"
psychomotor therapy,esco,"psychomotor therapies, psychomotor education, psychomotor observation and therapy"
detect flaws in pipeline infrastructure,esco,"detect weaknesses in pipeline infrastructure, assess pipeline infrastructure to discover flaws, identify weaknesses in pipeline infrastructure, find flaws in pipelines and related infrastructure, discover weaknesses in pipeline infrastructure, discover flaws in pipeline infrastructure, find weaknesses in pipelines and related infrastructure, assess pipeline infrastructure to identify weaknesses, recognise flaws in pipeline infrastructure, identify flaws in pipeline infrastructure"
collect real-time geolocation information,esco,"gather real-time geolocation information, gather live location data, collect live location data, collect live geolocation information, gather live geolocation information"
perform ground maintenance activities,esco,"do landscaping maintenance activities, perform gardening activities, performing ground maintenance activities, perform ground maintenance activity"
manage business knowledge,esco,"model ontologies, manage information and knowledge, manage knowledge, formalise knowledge in ict-system"
industrial software,esco,"software for production processes, software for manufacturing, manufacturing software, continuing professional development in industrial tools and software, scheduling software, software for engineering applications, industrial application of software, software used in industrial"
perform data mining,esco,"mine data, use model data"
adjust engineering designs,esco,"adjust manufacturing designs, adjust building designs, adjust construction designs, adjust desings for engineering, adjust engineering schemes, adjust engineering models"
pentaho data integration,esco,"pdi, pentaho kettle"
smalltalk (computer programming),esco,"smalltalk programming system, smalltalk"
global standards for sustainability reporting,esco,"non financial reporting guidelines, sustainability standardised reporting frameworks, global reporting framework for sustainability, global reporting guidelines for sustainability"
mathematics,esco,"numeracy, quantitative data, solid modeling, mathematical subjects, field of mathematics, study of mathematics, maths, calculation"
software anomalies,esco,"software performance incidents, software behaviour deviations, software performance deviations, software bugs, software defects"
database,esco,"non-relational database, types of databases, relational database"
digital marketing techniques,esco,"online marketing techniques, on-line marketing techniques, online ads software, web marketing techniques"
openedge database,esco,"openedge rdbms advanced enterprise edition, openedge rdbms, progress openedge relational database management system"
use databases,esco,"use database management systems, use database software, apply databases, use data bases, use dbs, able to use using databases, use database, utilise databases, make use of databases"
create game testing software,esco,"create software to test games, design testing software for games, develop game testing software, create software for game testing"
test absorbency,esco,"measure absorbency, monitor absorbency, check absorbency, verify absorbency, testing absorbency, test absorbencies, evaluate absorbency"
operate stowage programmes,esco,"utilise computerised stowage systems, perform actions using computerised stowage programmes, use stowage software, conduct stowage activities with stowage programme, utilise stowage programmes, operate stowage programs, utilise stowage software, use computerised stowage systems, use stowage programmes, operate computerised stowage systems, operate stowage software"
liaise with well test engineers,esco,"building relationships with well test engineers, coordinate with well test engineers, liaising with well test engineers, building of relationships with well test engineers, well testing engineers liaison, well test engineers liaison, liaise with well testing engineers, coordination with well test engineers, build relationships with well test engineers, liaison with well testing engineers, liaising with well testing engineers, liaison with well test engineers"
develop solutions to information issues,esco,"solve information-related problems, information technology problem solving, develop solutions to solve information issues, develop solutions to information needs and challenges, solve information-related issues, develop solutions to information technology issues"
evaluation theory,esco,"theory and models of evaluation, evaluation approaches, evaluation methodologies"
demand excellence from performers,esco,"request excellence from performers, demand performers excel, demanding excellence from performers, expect excellence from performers, insist on excellence from performers, demand excellence from performer"
interpret sport games rules,esco,"interpret rules in sport games, understand sport rules, interpret rules of sport games, interpret rules and laws in the spirit of the sport during the competition"
perform test run,esco,"execute system testing procedures, undertake system testing procedures, undertake test run, implement system testing procedures, execute test run, complete test run, implement test run, complete system testing procedures"
apply flame handling regulations,esco,"apply flame handling laws, applying flame handling regulations, apply flame handling ordinances, apply flame handling rules, apply flame handling statutes"
find trends in geographic data,esco,"identify trends in geographic data, uncover trends in geographic data, trends in geographic data, discover trends in geographic data, determine trends in geographic data, geographic data trends"
integrate ict data,esco,combine ict data
radiotherapy,esco,"radiotherapies, rt, xtr, radiation therapy, radiation therapies, therapy using ionized radiation, rtx, therapy using ionised radiation"
develop computer vision system,esco,"develop ocr, develop motion capture software"
manage radiology information system,esco,"manage radiology information systems, handle radiology information system, manage and distribute radiological images and data, manage radiology-information system, develop and maintain radiology information system"
use performance 3d visualisation techniques,esco,"apply performance 3d visualisation techniques, employ 3d visualization for performance evaluation"
analyse big data,esco,"analyze big data, scrutinise big data, big data analysis, investigate big data, search big data, test big data, analysing big data, big data analysing"
assembly (computer programming),esco,"assembly computer programming paradigms, assembly software development techniques, assembly software development principles, assembly, assembly algorithms"
analyse pipeline database information,esco,"evaluate pipeline database information, perform analysis on pipeline database information, analyze pipeline database information, evaluate information in pipeline databases, retrieve and assess information from pipeline company database, conduct analysis on pipeline database information, retrieve and analyse information from pipeline company database, analyse information in pipeline databases, assess information in pipeline databases, assess pipeline database information"
software components libraries,esco,
test moisture content,esco,"checking moisture content, check moisture content, moisture content checking, moisture content testing, testing moisture content"
add computer components,esco,"affix computer components, append computer components, computer component addition, supplement computer components, boost computer components, adding computer components, add a computer component"
formulate a case conceptualisation model for therapy,esco,"compose a treatment plan for therapy, formulate case conceptualisation models for therapy, formulate a case conceptualization model for therapy, formulate a treatment plan for therapy, compose case conceptualization model for therapy, compose case conceptualisation model for therapy"
data engineering,esco,data engineering methods
road traffic laws,esco,"road traffic rules, road traffic legal codes, rules of the road, legal standards for road traffic, road traffic legislation, legislation governing travel on roads, regulations for road traffic, traffic laws, legislation governing road traffic"
animal welfare legislation,esco,"legislation on animal welfare, legislation when working with animals, animal welfare laws, animal health and welfare legislation"
compile gis-data,esco,"compiling of gis-data, compile data from maps and other sources, compiling data from maps and other sources, gis-data compilation, compilation of gis-data, compiling of data from maps and other sources, compiling gis-data, compilation of data from maps and other sources"
smart contract programming languages,esco,programming languages for smart contract
types of lathe tools,esco,"models of lathe tools, categories of lathe tools, models of milling appliances, brands of milling appliances, brands of lathe tools, categories of milling appliances, lathe tools varieties, milling appliances varieties"
chef (tools for software configuration management),esco,chef software
seismic measurement techniques,esco,"seismic measuring techniques, measurement techniques in seismology, seismic mapping techniques, techniques in seismic mapping, techniques in seismic measurement, techniques in seismic measuring, process seismic data, seismic data mapping techniques, techniques in seismic data mapping, processing seismic data"
handle data samples,esco,"collect data samples, manage data samples, handle data samples for statistical purposes"
customise software for drive system,esco,"customise drive system software, customising drive system software, software adapting for drive system, customize software for drive system, drive system software adapting, adapting drive system software, software customising for drive system, adapting software for drive system, customising software for drive system, adapt drive system software, drive system software customising, adapt software for drive system"
gimp (graphics editor software),esco,"gimp software, gimp, gimp for digital editing, gnu image manipulation program, gimp for graphics composition"
analyse oil operations data,esco,"oil operations data analysis, analysing oil operations data, recording data about oil operations, data analysis for oil operations, recording of oil operations data, analysis of oil operations data, analyze oil operations data, oil operations data recording, data recording for oil operations, analysing data for oil operations, record oil operations data, recording oil operations data"
implement ict coding conventions,esco,"implement it coding conventions, promote ict coding conventions"
test electromechanical systems,esco,"electromechanical systems testing, check electromechanical systems, checking electromechanical systems, electromechanical system checking, testing electromechanical systems, electromechanical systems checking, electromechanical system testing"
maintain psychological well-being,esco,"maintain work-life balance, pursue mental wellbeing, protect the psychological wellbeing, safely use digital technologies, balance working time and personal life"
handle frozen semen,esco,"thaw the straws of frozen semen, identify and handle frozen semen"
orthodontics,esco,"orthodontia, dentofacial orthopedics, diagnosis and correction of malpositioned teeth and jaws, dentofacial orthopaedics"
handle saw securely,esco,"handling saw securely, operate saw securely, use saw securely, handle saws securely, activate saw securely, run saw securely"
microsystem test procedures,esco,"testing procedures for microsystems, test protocols for microsystems, test procedures for microsystems, testing protocols for micro-systems, testing procedures for micro-systems, test procedures for micro-systems, testing protocols for microsystems, micro-system test protocols, test protocols for micro-systems, micro-system test procedures"
analyse scanned data of the body,esco,"use 3d scanned data for computer-aided visualization, analyse scanned body data, analyse 3d scanner data of the body, analyze scanned data of the body, analyse 3d scanner body data, examine and use scanned body data, use 3d scanned data for computer-aided visualisation, examine and use scanned data of the body, examine scanned data of the body, examine scanned body data"
increase the impact of science on policy and society,esco,"influence decision making based on scientific evidence, enhance the impact of science influence on policy and society, boost the contribution of science to shaping policies and society, enhance the influence of science on governance and communities"
design cider recipes,esco,"design cider recipe, form cider recipes, design a cider recipe, arrange cider recipes, model cider recipes, develop cider recipes"
medical statistics,esco,"biostatistical methods, medical research using statistics, medical application of statistics, statistical analysis of medical practice"
manage healthcare users' data,esco,"handle patients documentation, manage patients' records and data, manage data of healthcare user, maintain patients' records and data"
manage ict data architecture,esco,define enterprise data architecture
"manage data, information and digital content",esco,"manage digital content information, manage digital data"
contextualise records collection,esco,"add contextual data to collection, contextualize collection, contextualising collection, contextualise collections"
mysql,esco,"mysql classic edition, mysql enterprise edition, mysql embedded (oem/isv), mysql standard edition, mysql cluster cge"
design cloud networks,esco,"create cloud network, implement cloud network"
use specialised equipment,esco,"use global positioning systems, use telemetry, specialised equipment using, use specialised production equipment, specialised production equipment using, use specialized equipment, use computer modelling, use digital imaging analysis, using specialised production equipment, use electron microscope"
network marketing,esco,"direct marketing, multi-level marketing, marketing network, mlm"
develop financial statistics reports,esco,"develop a financial statistics report, launch financial statistics reports, establish financial statistics reports, produce financial statistics reports, developing financial statistics reports, evaluate financial statistics reports, develop financial statistical reports"
assess stability of vessels,esco,"make assessments of ship stability, analyse transversal and longitudinal stability of ships, analyse longitudinal and transversal stability of vessels, assess ship stability, evaluate stability of vessels, assess vessel stability, make assessments of vessel stability, analyse transversal and longitudinal stability of vessels, evaluate vessel stability, assess stability of ships, evaluate stability of ships, evaluate ship stability"
manage findable accessible interoperable and reusable data,esco,"ensure data availability, ensure data reusability, support data reuse in research, ensure corrected data storing"
upgrade firmware,esco,"update basic software in embedded systems, update software embedded in devices, update firmware, update basic software in network components, update integrated software, update basic software in devices, update software embedded in network components"
firmware,esco,"types of firmware, firmware program, read-only software, typology of firmware, built-in software, kinds of firmware"
sell gaming software,esco,"gaming software selling, barter gaming software, market gaming software, dispose of gaming software, selling gaming software, gaming software sales, trade gaming software"
put uncut recordings into computer,esco,"putting uncut recordings into computer, digitalise uncut recordings, put uncut recording into computer, input uncut recordings into computer"
minerals laws,esco,"legal framework for mining, laws about mining, laws about minerals, legal aspects of minerals, legal framework for minerals, laws relating to minerals, laws relating to mining"
attack vectors,esco,"information security threats, cybersecurity threats, ict security threats"
cross-matching techniques for blood transfusions,esco,"crossmatching techniques for blood transfusions, cross-matching blood, testing methods prior to a blood transfusion, testing methods prior to blood transfusions, cross-matching technique for blood transfusions, blood typing and crossmatching, crossmatching technique for blood transfusion"
metasploit,esco,metasploit penetration testing tool
perform data cleansing,esco,"complete data cleansing, performing data cleansing, undertake data cleansing, perform a data cleanse, data cleansing performance, implement data cleansing"
ensure data protection in aviation operations,esco,"protect sensitive information used in aviation operations, ensure data protection in aviation, ensure protection of data in aviation operations, ensure sensitive information is used only for aviation safety purposes, ensure data protection contained in sdcp, protect sensitive data used in aviation operations, ensure aviation data protection, ensure the protection of sensitive data in aviation operations, ensure the protection of data in aviation operations, ensure sensitive data is used only for aviation safety purposes, ensure data protection contained in safety data collection and processing"
sell software products,esco,"software product sales, trade software products, barter software products, sell a software product, selling software products, market software products, dispose software products"
tend cnc metal punch press,esco,"take care of cnc metal punch press, tend computer numerical controlled metal punch presses, guard computer controlled punch machine, watch over cnc metal punch press, watch over computer controlled punch machine, oversee computer controlled punch machine, oversee cnc metal punch press, take care of computer controlled punch machine, guard cnc metal punch press"
r,esco,r software
maintain healthcare user data confidentiality,esco,"keep healthcare user data confidential, keep health care user data confidential, comply with confidentiality of health care users' data, maintain health care user data confidentiality, comply with confidentiality of healthcare users' data"
work in a land-based team,esco,"land-based team work, collaborating in land-based activities, working in a land-based team, land-based team working, collaborate in land-based machinery activities, collaborating in land-based machinery activities, collaborate in land-based activities, collaborating in landscaping activities, collaborate in landscaping activities"
design digital call to action,esco,cta
model electromagnetic products,esco,"simulate electromagnetic products, electromagnetic products simulating, modelling electro-magnetic products, simulating electromagnetic products, electromagnetic product simulating, electro-magnetic products simulating, electromagnetic product modelling, electro-magnetic product modelling, electromagnetic products modelling, electro-magnetic products modelling, electro-magnetic product simulating, modelling electromagnetic products, simulating electro-magnetic products, model electro-magnetic products"
install electrical and electronic equipment,esco,"institute electrical and electronic equipment, introduce electrical and electronic equipment, construct electrical and electronic equipment, institute electric and digital components and systems, build electrical and electronic equipment, introduce electric and digital components and systems, construct electric and digital components and systems, build electric and digital components and systems"
use e-tourism platforms,esco,"engage with customers on review websites, employ electronic tourism platforms, use travel advertising platforms, use online tourism platforms, engage with digital tourism platforms"
test hardware,esco,"testing hardware, hardware checking, hardware systems checking, check hardware systems, testing hardware systems, hardware systems testing, checking hardware systems, test hardware systems, checking hardware, hardware testing"
groovy,esco,"groovy software techniques, groovy programming language, groorvy software development"
social media management,esco,"handling of social media strategies, computer media management, management of social media"
use electronic health records management system,esco,"use electronic health-record-management-system, manage health record system electronically, use electronic health records software, use electronic health records management systems, manage health records electronically, use electronic health records' management systems, use electronic health record management systems"
create a product's virtual model,esco,"design product's virtual model, create products' virtual models, produce a virtual model of the product, develop product's virtual model, make product's virtual representation, create a virtual model of the product, conceive product's virtual model, shape product's virtual model, develop product's virtual representation"
hardware testing methods,esco,"ort, testing methods for hardware, computer hardware testing methods, in-circuit test, testing methods for computer hardware, ongoing reliability test"
analyse ecological data,esco,"analyze ecological data, interpret ecological and biological data, analyse data on ecology, examine ecological data, analysing ecological data"
vyper,esco,vyper software
use technical drawing software,esco,"design creation using specialist software, design using specialist software, design with specialist software, using of technical drawing software, usage of technical drawing software, technical drawing software usage, designing using specialist software, use of technical drawing software, designing with specialist software, create designs with specialist software, using technical drawing software"
analyse network configuration and performance,esco,"assess network setup and performance, examine network configuration and effectiveness, evaluate network setup and efficiency, analyse performance characteristics of ict networks, assess network structure"
create digital game characters,esco,"compose digital game characters, write digital game characters"
use production planning software,esco,"use production planning softwares, using production planning software, work with production planning software, utilize production planning software"
attend gaming tests,esco,"attend game testing, be present for online game testing, participate in live gaming tests, attend tests for gaming"
algorithms,esco,"formulae, formulas, algorithm, algorithmic"
participate as observer in different types of audits in the food sector,esco,"participate as observer in different types of audit in food sector, engage as an observer in different types of audits in the food sector, take part as an observer in different types of audits in the food sector, work as an observer in different types of audits in the food sector, join as an observer in different types of audits in the food sector, participate as an observer in different types of audits in the food sector"
assist physiotherapists,esco,"support a physiotherapist, support physiotherapists, assist physiotherapists' client management, support physio-therapists, assist physio-therapists, assist physio-therapist, assist a physiotherapist"
define data quality criteria,esco,"specify data quality criteria, set data quality benchmarks"
set up cybersecurity training programmes,esco,"design cybersecurity training, deliver cybersecurity training, develop cybersecurity training"
use cadd software,esco,"utilise cadd software, make use of cadd software, apply cadd software, employ cadd software, use computer-aided design and drafting software, work with cad software"
proxy servers,esco,nginx web server
conduct clinical software research,esco,"do clinical research, carry out clinical research, oversee necessary clinical research, conduct clinical research studies, conduct clinical research"
aircrack (penetration testing tool),esco,aircrack
manage gas transmission system,esco,"gas transmission system managing, gas transmission systems managing, gas transmission network overseeing, overseeing gas transmission network, gas transmission networks overseeing, managing gas transmission system"
use software tools for site modelling,esco,"use software tools for site modeling, utilise software tools for site modelling, develop site simulations using computer programmes, utilise software tools to model sites, develop site simulations using computer software, create site simulations using software, use software for site modelling, use software to model sites, perform site simulation activities using computer software, create site simulations using computer software, perform site modelling activities using computer programmes, utilise software to model sites"
artificial neural networks,esco,"ann, neural networks, neural nets, artificial neural nets, nn"
cognitive behavioural therapy,esco,"cognitive-behavioural therapy, cognitive behaviour therapy, problem-focused and action-oriented approach to treating mental disorders, cognitive-behavioural therapies, cognitive behavioural therapies, cbt, cognitive behavioral therapy, evidence-based practice for treating mental disorders"
use content management system software,esco,"using content management system software, handle content management system software, content management system software use, adopt content management system software, operate content management system software, apply content management system software, use a content management system software"
asp.net,esco,asp.net framework
ensure compliance with healthcare regulations,esco,"ensure compliance with health-care regulations, ensure complinace with healthcare regulation, ensure compliance with healthcare legislation, ensure compliance with healthcare laws, ensure compliance with healthcare provisions"
digital camera sensors,esco,"typology of digital camera sensors, ccd, types of digital camera sensor, charged coupled device, sensors in digital cameras, complementary metal oxide semiconductor sensor, cmos"
manage quantitative data,esco,"gather data, manage data quantitatively, organise data, handle numerical data, process data, present data, interpret data, managing quantitative data"
digital communication and collaboration,esco,"electronic communication, digital communications, paperless communication"
education law,esco,"education regulation, education legislation, the law of education, education laws, education norms"
pack electronic equipment,esco,"packing electronic equipment, pack electronic devices, pack computerised devices"
detect flaws in record,esco,"detecting flaws in record, detect flaw in record, identify flaws in record, discover flaws in record, find flaws in record"
form operational strategies for law enforcement,esco,"plan operational strategies for law enforcement, design operational strategies for law enforcement, outline working strategies for law enforcement, model operational strategies for law enforcement, model working strategies for law enforcement, outline operational strategies for law enforcement, design working strategies for law enforcement"
use online tools to collaborate,esco,"use voip conference calling, webex, confluence, gotomeeting, oracle webcenter, intercall, teamtalk, linoma software, accuconference, metateam, budget conferencing, teamviewer, use concurrent file editing, conference calling, infinite conferencing, asana, use online meeting tools"
backbox (penetration testing tool),esco,backbox
manage membership database,esco,"operate association database, oversee membership database, operate membership database, supervise association database, oversee association database, supervise membership database"
cyber attack counter-measures,esco,"network communications security measures, cyber defence mechanisms, cyber/digital/it/ict/information security controls, cybersecurity measures"
apl,esco,apl programming paradigms
sql,esco,"informix 4gl/sql, subquery, sequel"
store design layout,esco,"arrange design layout, store design layouts, model design layout, develop design layout, store a design layout, storing a design layout, produce design layout"
security threats,esco,"threats to cyber/digital/it/ict security, security threat, physical security hazards, cyber/digital/it/ict security threats, threats to physical security, cyber/digital/it/ict security risks, security dangers, physical security risks, security hazards, physical security threats, security risks, threats to security, physical security dangers, cyber/digital/it/ict security dangers"
integrate and re-elaborate digital content,esco,modify and integrate digital content
collaborate with technical experts on artworks,esco,"network with technical experts on artworks, collaborating with technical experts on artworks, work together with technical experts on artworks, team up with technical experts on artworks, cooperate with technical experts on artworks, collaborate with technical experts on artwork"
program sound cues,esco,"program and rehearse sound cues, rehearse sound cues, programming sound cues, program cues for sound"
develop geological databases,esco,"create geological databases, developing of geological databases, geological database development, creating geological databases, geological database creation, development of geological databases, creating of geological databases, creation of geological databases, developing geological databases"
handle explosives,esco,"manage explosives in accordance with legislation, managing explosives in accordance with legislation, control explosives, explosives management, controlling explosives in accordance with laws, explosives control in accordance with laws, managing of explosives in accordance with legislation, control explosives in accordance with laws, explosives management in accordance with legislation, management of explosives, management of explosives in accordance with legislation, manage explosives, managing explosives"
use object-oriented programming,esco,utilise object-oriented programming
transcribe medical data,esco,"transcribe interview recordings with health care professionals, transcribe recordings of interviews with healthcare professionals, transcribe medical interviews"
object-oriented modelling,esco,"object-oriented paradigm, object-oriented modeling, knowledge of object-oriented modelling"
test chemicals in development baths,esco,"evaluate chemicals in development baths, assess chemicals in development baths, analyse chemicals in development baths, chemical test in development baths, chemical tests in development baths, chemical testing in development baths, examine chemicals in development baths"
warehousing regulations,esco,"warehousing regulation, warehousing legal standards, warehousing codes, regulations governing warehousing activities, warehousing standards, warehouse regulations, legal requirements in warehousing activities, laws governing warehousing activities, codes governing warehousing activities"
contract law,esco,"law of contract, principles of contract law, contract laws, contract law regulations"
webcms,esco,webcms software systems
demonstrate functionality of software products,esco,"establish functionality of software products, demonstrate functionality of a software product, display functionality of software products, demonstrating functionality of software products, show functionality of software products, demonstrate the functionality of software products, determine functionality of software products"
use thermal analysis,esco,"using thermal analysis tools, using thermal analysis, thermal analysis software using, using thermal analysis software, use thermal analysis software, thermal analysis using, use thermal analysis tools"
handle personal identifiable information,esco,"handle personal information, handle personally identifiable information, handle passenger data, handled personal identifable information, handle and store personal information"
risk modelling,esco,risk quantification
design floral decorations,esco,"designing floral decorations, produce floral decorations, arrange floral decorations, develop floral decorations, model floral decorations, designing a floral decoration, design a floral decoration"
plan software testing,esco,oversee software testing plans
maintain computerised records of railway traffic,esco,"keep digital records of railroad activities, keep digital records of railroad operations, maintain computer records of railway traffic, maintain computerised records of rail traffic, keep digital records of railway activities, maintain computer records of rail traffic, maintain computerised records of railroad traffic, keep digital records of railway operational, keep digital records of rail operations, maintain computer records of railroad traffic"
virtual reality,esco,"digital environment virtual reality, virtual reality systems, digital environment life experiences simulation, virtual reality simulation process, simulated reality"
use access control software,esco,"define user roles for ict system, define database user permissions"
import export regulations of dangerous chemicals,esco,"import export regulation of dangerous chemicals, import export rules of dangerous chemicals, import export regulating of dangerous chemicals, import export statutes of dangerous chemicals, import export regulation of a dangerous chemical, import export legislation of dangerous chemicals, import export laws of dangerous chemicals"
review meteorological forecast data,esco,"survey meteorological forecast data, evaluate weather forecast data, use meteorological forecast data to anticipate weather conditions, use meteorological forecast data to predict weather conditions, review weather forecast data, review meteorological data, make assessments of weather forecast data, assess meteorological forecast data, evaluate meteorological forecast data, analyse meteorological forecast data, perform analysis on meteorological forecast data"
conduct performance measurement,esco,"undertake conversion testing, carry out conversion testing, conduct a performance measure, organise conversion testing, manage conversion testing, conduct performance measures, conducting performance measurement"
capital goods industry,esco,capital equipment industry
pyrotechnic articles legislation,esco,"pyrotechnic articles bylaws, pyrotechnic articles rules, firework statutes, firework regulations, pyrotechnic articles statutes, firework legislation, firework bylaws, firework rules, pyrotechnic articles regulations"
use scripting programming,esco,"employ ict tools for computer code creation, use ict tools for computer code generation, employ programming languages for computer code creation, use ict tools for computer code development, use ict tools for computer code creation"
create digital images,esco,"come up with digital images, create digital image, design digital images, develop digital images, creating digital images, make digital images"
time-display methods,esco,"or tactile clocks., digital clocks, multi-display clocks, range of time-display methods, auditory clocks, methods of time-display, analog clocks, sorts of time-display methods, projection clocks, word clocks, types of time-display methods, typology of time-display methods"
develop digital content,esco,
collection management software,esco,"collection software management, collections management software, collection information system, collection management and archive software"
ict debugging tools,esco,"software debugging tools, ict testing tools"
perform educational testing,esco,"performs educational testing, performing educational testing, practice educational testing, implement educational testing, conduct educational testing, carry out educational testing"
solidity,esco,"solidity principles, solidity techniques, solidity software"
european pesticide legislation,esco,"european pesticide laws, european pesticide rules, european legislation for pesticides, eu pesticide legislation, european pesticides legislation, european pesticide regulations"
work in teams,esco,"working in teams, handle team dynamics, cooperate, cooperate with colleagues, support colleagues, collaborate on tasks, work in groups, team-working, foster social networks, work in squads"
store digital data and systems,esco,"store systems and digital data, backup digital data and systems, cache digital data and systems, use data and systems archiving procedures, back up data, archive digital data and systems, use data and systems archiving tools, storing digital data and systems, store digital data and system, restore data"
building codes,esco,"construction regulations, building rules, building laws, construction standards, construction codes, building regulations, building standards, construction rules, construction laws"
integrated circuit types,esco,"types of integrated circuit, types of ic, ic types, typology of integrated circuit, digital integrated circuits, analogue integrated circuits, mixed-signal integrated circuits, range of integrated circuits"
kali linux,esco,"kali tools, kali docs, kali nethunter, kali penetration testing tool, kali linux distribution"
test wireless devices,esco,"wireless devices analysing, wireless device testing, analyse wireless devices, bluetooth wireless technology, testing wireless devices, wireless devices testing, wireless device analysing, analysing wireless devices"
digital data processing,esco,"electronic data processing, processing of data digitally, data processing, paperless data processing"
quantitative analysis,esco,quantitative data analysis
work with advertising professionals,esco,"work with advertising professional, network with advertising professionals, working with advertising professionals, cooperate with advertising professionals, collaborate with advertising professionals, work with advertising pros, work with ad professionals"
outsourcing model,esco,obs
puppet (tools for software configuration management),esco,puppet
programmable logic controller,esco,"plc, technology of plcs, computer control system, logic controller that is programmable, plc technology"
marker making,esco,"marker making by manipulating and plotting computerized pattern images, marker making by hand, marker diagram, determining the most efficient layout of pattern pieces, marker making by manipulating and plotting computerised pattern images"
promote human rights,esco,"advocate for human rights, promote human right laws"
administer hydrotherapy,esco,"formulate plans on hydrotherapy treatment, administer hydrotherapies, provide hydrotherapy"
use computer programs to improve patients' skills,esco,"utilise computer-based programmes to improve patients' abilities, use computer programmes to improve patients' skills, use it programmes to improve patients' skills, use computer programme to improve patient's skills, utilize computer-based programs to improve patients' abilities"
write database documentation,esco,provide database documentation
read technical datasheet,esco,"read technical dossier, read technical datasheets, study technical datasheet, reading technical datasheet, read technical data sheet, examine technical datasheet"
inspect carrier documents,esco,"perform inspections of carrier documentation, carry out inspections of official written and digital carrier documents, perform inspections of carrier documents, conduct inspections of carrier documents, examine carrier documents, examine carrier documentation, check carrier documents, check carrier documentation, conduct inspections of carrier documentation, inspect carrier documentation, inspect official written and digital carrier documentation, review carrier documents, review carrier documentation"
develop material testing procedures,esco,"develop material examination procedures, develop fabric testing procedures, develop substance testing procedures, develop testing procedures for materials, develop component testing procedures"
data visualisation software,esco,data presentation software
screenwriting theories,esco,"screenwriting theory, screenwriting strategies, screenwriting ideas, screenwriting models, screenwriting concepts"
develop models for weather forecast,esco,"create models for weather forecast, developing models for weather forecast, develop models for weather forecasts, establish models for weather forecast, develop model for weather forecast, set models for weather forecast, generate models for weather forecast"
smart contract,esco,smart contract software
test construction material samples,esco,"analyse construction material samples, testing of construction material, testing construction material samples, construction material sample-testing, assess construction material samples, sample analysis of construction materials, assessing construction material samples, sample-testing construction materials"
hybrid model,esco,"knowledge of hybrid model, theory of hybrid model, hybrid model, hybrid model principles, hybrid model fundamentals"
use analytics for commercial purposes,esco,"use analytics for commercial purpose, utilize analytics for commercial purposes, use commercial analytics, work with analytics for commercial purposes, using analytics for commercial purposes"
develop sewerage networks,esco,"sewerage network creating, creating sewerage networks, sewerage networks developing, developing sewerage networks, sewerage network developing, create sewerage networks, sewerage networks creating"
statistical modeling techniques,esco,statistical modeling
liaise with film exhibitors,esco,"schmooze with film exhibitors, liaise with film exhibitor, network with film exhibitors, interact with film exhibitors, liaising with film exhibitors"
physics,esco,"study of matter, physical science, natural science, concepts in physics, concepts of physics, laws of physics"
manage meteorological database,esco,"coordinate meteorological databases, managing meteorological database, monitor meteorological databases, manage meteorological databases, managing meteorological databases, supervise meteorological databases, oversee meteorological databases"
test gas purity,esco,"checking gas purity, testing gas purity, gas purity testing, gas purity checking, check gas purity"
utilise regular expressions,esco,"use regular expressions, utilize regular expressions, create regular expression queries, query with regular expressions, query data with regular expressions"
design campaign actions,esco,"organise campaign actions, model campaign actions, arrange campaign actions, operate crusade actions, operate campaign actions, model crusade actions, arrange crusade actions, organise crusade actions"
web programming,esco,markup programming
operate landscaping equipment,esco,"landscaping service equipment using, using landscaping equipment, operating equipment for landscaping, operating landscaping equipment, use landscaping service equipment, landscaping tool using, use tools for landscaping work, use equipment for landscaping work, use landscaping tools, use equipment for landscaping, operate equipment for landscaping, use landscaping equipment, landscaping equipment using, landscaping equipment operating, using equipment for landscaping"
staf,esco,staf software
develop automated software tests,esco,"generate automated software tests, build automated software tests, design automated software tests"
create business process models,esco,"develop business process diagrams, design business process models"
waterfall development,esco,"waterfall project management, waterfall software development"
educate on data confidentiality,esco,"teach data confidentiality principles, instruct on data confidentiality, educating about data confidentiality, educating on data confidentiality, educate about data confidentiality"
test physical properties of textiles,esco,"use testing methods for evaluating physical properties in textiles, evaluate textiles' physical properties, test physical properties of textile goods, textiles' physical properties testing, use testing methods for textile physical properties, test physical properties of textile products"
operate digital hardware,esco,"use ict hardware, use digital devices, use ict peripherals, apply ict peripherals, work with computer hardware and peripherals, use hardware, use smart ict devices, carry out practical tasks with smart devices, use keyboard, use mouse, use hardware components"
process collected survey data,esco,"survey data processing, survey data analysis, collected survey data processing, processing collected survey data, analysing of survey data, processing survey data, processing of collected survey data, analyse survey data, analysis of survey data, analysing survey data"
vagrant,esco,"vagrant tool, vagrant software"
monte carlo simulation,esco,"monte carlo model, monte carlo method"
eclipse (integrated development environment software),esco,"eclipse, knowledge of eclipse, eclipse ide"
draw up stage layouts digitally,esco,"draw up stage layout digitally, sketch stage layouts digitally, drawing up stage layouts digitally, design stage layouts digitally, draw up digital stage layouts"
design database scheme,esco,develop database scheme
fuel distribution systems,esco,"fuel dissemination systems, systems for the transportation of fuel, fuel movement systems, distribution systems for fuel, fuel distribution networks, systems for distributing fuel, fuel dispersion systems, fuel transportation systems, systems for moving fuel, fuel delivery systems"
test mechatronic units,esco,"testing mechatronic units, monitor mechatronic units, mechatronic unit testing, mechatronic units monitoring, monitoring mechatronic units, mechatronic unit monitoring, mechatronic units testing"
distinguish types of saws,esco,"identify types of saws, determine types of saws, discern types of saws, distinguishing types of saws"
drop hammer types,esco,"drop hammer categories, drop hammer models, drop hammer brands, drop hammer varieties"
test sensors,esco,"testing sensors, test solar and thermal sensors, sensor testing, check sensors, checking sensors, sensors testing, sensor checking, sensors checking"
energy therapy,esco,"energy therapies, methods of energy therapy, energy medicine, energy healing, energy-therapy, biofield therapies and bioelectromagnetic-based therapies"
build a product's physical model,esco,"make a physical model of the product, build a physical representation of the product, construct a product's physical representation, build a physical model of the product, assemble a product's physical model, create a physical representation of the product, build products' phisical models, develop a product's physical model, create a product's physical model"
security engineering,esco,"information security engineering, network security engineering, systems security engineering, security management"
anti-dumping law,esco,"anti-dumping laws, anti-dumping law making, anti-dumping rules, anti-dumping statutes, anti-dumping regulation, anti-dumping legislation"
international commercial transactions rules,esco,"international commercial transactions laws, international commercial transaction rule, international commercial transactions legislation, international commercial transactions regulations, international commerce transaction rules, international commercial transactions statutes, international commercial transaction rules"
tend cnc grinding machine,esco,"watch over cnc grinding machine, guard cnc grinding machine, watch over computer controlled grinder, oversee cnc grinding machine, guard computer controlled grinder, tend computer numerical controlled grinding machines, take care of computer controlled grinder, take care of cnc grinding machine, oversee computer controlled grinder"
sql server integration services,esco,"microsoft ssis, microsoft sql server integration services, ssis"
use methods of logistical data analysis,esco,"interpret data on elements of logistics, interpret logistical data through analytical methods, analyse data on logistical elements, use methods for analysing logistical data, interpret logistical data, utilise methods for analysing logistical data, interpret logistical data through use of analytical methods, utilise logistical data analysis methods, utilise methods of logistical data analysis, analyse logistical data, use logistical data analysis methods"
build bodies for vehicles,esco,"manufacture a framework section, manufacturing a framework sections, construct framework sections, assemble framework sections, fabricate framework sections, build framework sections, manufacturing framework sections, manufacture framework sections"
cisco,esco,"network magic, cisco systems"
oracle weblogic,esco,oracle weblogic server
food legislation,esco,"food regulations, food laws, food rules, food statutes, food legislating, legislation of food"
implement data quality processes,esco,verify data
ensure information privacy,esco,"ensure data privacy, maintain privacy and confidentiality of information, ensure confidentiality of data and information"
unified modelling language,esco,"standard modelling language, unified modeling language, uml"
stir rubber cement mixture,esco,"cement mixture agitating, stir cement mixture, cement mixture stirring, agitate cement mixture"
transmission technology,esco,"optical fibers, field of transmission technology, fiber optic, typology of communication technology, voip, typology of transmission technology, field of communication technology, analog transmission, types of communication technology, types of transmission technology, digital transmission, ethernet"
develop ict test suite,esco,design software testing
supervise electricity distribution operations,esco,"electricity distribution networks managing, supervising electricity distribution operations, electricity distribution operations supervising, managing electricity distribution networks"
operate relational database management system,esco,dbms
plan digital marketing,esco,"develop digital marketing strategies, plan marketing digitally, manage internet advertising"
digital twin technology,esco,"digital modelling technology, virtual twin model, digital replication technology"
operate 2d cad for footwear,esco,"use 2d cad for footwear engineering, operate 2d computer-aided design for footwear pattern engineering, design footwear in 2d with computer-aided design software, use 2d computer-aided design for footwear pattern engineering, design footwear in 2d with cad software, operate 2d cad software for footwear pattern engineering"
use testing equipment,esco,"employ testing tools, manage testing equipment, make use of testing equipment, deal with testing equipment, utilise testing equipment, use equipment for testing, apply testing equipment, work with testing tools"
task algorithmisation,esco,task algorithm development
plan social media marketing campaigns,esco,"organise digital campaigns, organise social media marketing campaigns"
test artist flying systems,esco,"test flying systems, testing artist flying systems, monitor artist flying systems, try out artist flying systems, test artist flying system"
design brand's online communication plan,esco,"design a brand's online communication plan, produce brand's online communication plan, develop brand's online communication plan, model brand's online communication plan, designing a brand's online communication plan, arrange brand's online communication plan, design brand's online communication plans"
non-destructive testing,esco,"non-destructive test, non-destructive tests, non-destructive analysis, non-destructive check, non-destructive evaluation, non-destructive assessment, non-destructive examination"
sell software maintenance contracts,esco,"barter software maintenance contracts, market software maintenance contracts, selling a software maintenance contract, dispose software maintenance contracts, selling software maintenance contracts, sell a software maintenance contract, trade software maintenance contracts"
establish educational network,esco,"develop network of educational partnerships, develop network of education, establish an educational network, establish a network of education"
use query languages,esco,"using structured query language, use database query language, query language using, using query language, retrieve data using a query language, using database query language, retrieve data using a structured query language, retrieving data using a query language, use information retrieval query language, using information retrieval query language, data retrieving using a query language, use structured query language, data retrieving using a structured query language, retrieving data using a structured query language"
take referrals for genetic testing,esco,"take a referral for genetic testing, receive referrals for genetic testing, receive patients for genetic testing"
zoning codes,esco,"zoning rules, zoning laws, zoning standards, zoning regulations"
use cad for heels,esco,"employ computer-aided design for heels, heel cad designing, utilise computer-aided design for heels, use computer-aided design for heels, utilize computer-aided design for heels, use 2d and 3d cad for heels, utilise cad for heels, utilize cad for heels, employ cad for heels"
nosql,esco,"not only sql non-relational database, nosql database management system, nosql non-relational database, not only sql database management system"
maintain a central project repository,esco,"maintain a central project database, preserve a central project repository, preserve a central project database"
handle fragile items,esco,"handle a fragile item, fragile item handling, operate with fragile items, administer fragile items, deal with fragile items, conduct fragile items, handling fragile items"
test optoelectronics,esco,"opto-electronics testing, test opto-electronics, optoelectronics checking, optoelectronics testing, opto-electronics checking, checking optoelectronics, testing optoelectronics, check opto-electronics, testing opto-electronics, check optoelectronics, checking opto-electronics"
identify software for warehouse management,esco,"determine software for warehouse management, identify applications for warehouse management, identify software applications for warehouse management, discover warehouse management software, recognize software for warehouse management"
monitor programming finances,esco,"monitoring programming finances, monitor programming finance, oversee programming finances, keep watch on programming finances, track programming finances, monitor finances of programs"
analyse environmental data,esco,"survey environmental data, examine environmental data, review environmental data, inspect environmental data, evaluate environmental data, analyze environmental data, analysing environmental data"
test performance of power plants,esco,"performance analysing of power plants, power plant performance analysing, power plant performance testing, testing performance of power plants, analysing performance of power plants, performance testing of power plants, analyse performance of power plants"
ict security legislation,esco,"cyber-security regulation, network and information security legislation, ict law, legal aspects of computing"
use theoretical marketing models,esco,"work with theoretical marketing models, use theoretical models for marketing, use theoretical marketing model, utilize theoretical marketing models, using theoretical marketing models"
conduct threat intelligence,esco,"undertake cyber threat intelligence, plan threat intelligence, organise cyber threat intelligence, conduct cyber threat intelligence, undertake threat intelligence, organise cti, conduct cti, plan cti, undertake cti, organise threat intelligence, plan cyber threat intelligence"
provide software testing documentation,esco,"provide software testing procedures, provide software test procedures documentation"
perform screening for infectious diseases,esco,"perform screening for infectious disease, screen and test for infectious diseases, perform testing for infectious diseases, perform screenings for infectious diseases"
manage mineral testing procedures,esco,"overseeing minerals testing, supervision of minerals testing, supervise minerals testing, oversee minerals testing, managing mineral testing procedures, oversight of minerals testing, managing of mineral testing procedures, mineral testing procedures management, management of mineral testing procedures, supervising minerals testing"
model electromechanical systems,esco,"electromechanical systems simulating, electromechanical systems modelling, electro-mechanical system modelling, electro-mechanical system simulating, electro-mechanical systems simulating, modelling electromechanical systems, simulating an electro-mechanical system, simulating an electromechanical system, modelling an electromechanical system, simulating electro-mechanical systems, electromechanical system simulating, simulating electromechanical systems, simulate electromechanical systems, modelling electro-mechanical systems, modelling an electro-mechanical system, simulate electro-mechanical systems, electro-mechanical systems modelling, electromechanical system modelling"
food hygiene rules,esco,"food hygiene rule, food hygiene legislation, food hygiene laws, rules of food hygiene, food hygiene statutes"
test microelectronics,esco,"micro-electronics analysing, test micro-electronics, analysing microelectronics, microelectronics analysing, testing microelectronics, analysing micro-electronics, analyse microelectronics, microelectronics testing, micro-electronics testing, analyse micro-electronics, testing micro-electronics"
enforce alcohol drinking laws,esco,"enforce laws on drinking alcohol, impose alcohol regulations, oblige conformity to the alcohol legislation, enforce drinking alcohol laws"
perform software unit testing,esco,perform unit testing
develop software prototype,esco,"develop software throw-away simulation, develop software mockup"
collect ict data,esco,"obtain digital data, gather digital data; obtain digital data, gather digital data, collect digital data"
perform intra-operative neuromonitoring,esco,"perform intra-operative neuro-monitoring, perform intraoperative neuromonitoring, perform investigations to monitor neural structures, conduct intra-operative neuromonitoring"
use cam software,esco,"apply machinery control programmes, adopt machinery control programmes, handle cam software, adopt cam software, utilise machinery control programmes, utilise cam software, handle machinery control programmes, apply cam software"
javanese,esco,"competent in javanese, basa jawa, ability to comprehend spoken and written javanese and to speak and write in javanese, cara jawa"
tape drywall,esco,"taping drywall, finishing drywall joints, taping of drywall, sealing drywall joints, drywall joint sealing, drywall taping, seal drywall joints, finish drywall joints"
computer vision,esco,"ocr, cuda, matlab, tensorflow, simplecv, opencv, keras"
betting legislation,esco,"wagering legislation, gambling laws, gambling legislation, betting laws"
read ship operational data,esco,"analyse vessel operational data, use vessel operational data to identify and prevent potential problems, make interpretations of ship operational data, analyse ship operational data, read operational data of ships, utilise vessel operational data to inform actions, use ship operational data to identify and prevent potential problems, make interpretations of vessel operational data, utilise operational data from ships to inform actions, read operational data of vessels, interpret vessel operational data, interpret ship operational data, read vessel operational data"
computer science,esco,"informatics, informatics studies"
john the ripper (penetration testing tool),esco,john the ripper
blockchain-based services regulation,esco,"regulatory framework for blockchain, legal guidance for blockchain, legal regulations for blockchain"
use typesetting software,esco,"make use of typesetting software, utilise typesetting software, using typesetting software, employ typesetting software"
use it systems for commercial purposes,esco,"use it systems for a commercial purpose, handle it systems for commercial purposes, adopt it systems for commercial purposes, use an it system for commercial purposes, operate it systems for commercial purposes, apply it systems for commercial purposes, using it systems for commercial purposes"
collect healthcare user's general data,esco,"collect healthcare users' general data, gather health care users' general data, collect health care user's general data, obtain healthcare users' general data, gather healthcare user's general data"
record healthcare users' billing information,esco,"note down healthcare users' billing informations, note down healthcare users' invoicing information, write down healthcare users' invoicing information, note down healthcare users' billing information, report healthcare users' invoicing information, record healthcare users' payment information, record healthcare users' invoicing information, record healthcare users' billing data, record healthcare users' invoicing informations, write down healthcare users' billing information, record healthcare users' invoice data"
use automatic programming,esco,use visual programming
develop shipping itineraries,esco,"develop voyage scenario, plot shipping voyage, utilise specialised software to develop a shipping itinerary, develop travel plans, develop journey plans, create itineraries, use specialised equipment and software to develop a shipping itinerary, plot shipping journey, plot shipping journey through use of specialist equipment and software"
develop virtual game engine,esco,create game development framework
perform diagnostic testing for allergies,esco,"perform tests for allergenic reactions, test for allergies, perform diagnostic tests for allergies, employ diagnostic testing for allergies, carry out diagnostic testing for allergies, perform diagnostic allergenic testing"
predictive maintenance,esco,"total predictive maintenance, predictive and preventative maintenance, predictive models for maintenance, predictive maintenance techniques, pdm"
operate on-board computer systems,esco,"use on-board vehicle computer systems, utilise on-board computer systems, carry out on-board vehicle computer operations, perform on-board vehicle computer operations, execute on-board vehicle computer operations, perform operations using on-board computer systems, conduct operations using on-board computer systems, use on-board computer systems, utilise on-board vehicle computer systems, operate on-board vehicle computer systems"
"design the digital interface of gambling, betting and lottery games",esco,"design the digital interface of gambling games, design the interface of lottery games digitally, design gambling games' digital interface, design the digital outlook of games, create the digital interface of betting games"
keep up-to-date to computer trends,esco,"keep an up-to-date to computer trend, save up-to-date to computer trends, keeping up-to-date to computer trends, retain up-to-date to computer trends, store up-to-date to computer trends, hold up-to-date to computer trends"
execute ict audits,esco,"execute information security audits, execute it security audits, execute cyber security audits, execute ict security audits"
problem-solving with digital tools,esco,"problem-solving with ict hardware and tools, resolving issues with ict tools and hardware, problem-solving with information and communication technologies tools and hardware, finding solutions with ict tools and hardware, ict tools and hardware problem solving, problem-solve with ict tools and hardware"
design database in the cloud,esco,"apply design principles for cloud data architecture, develop cloud database design, apply design principles for cloud database design, design automated cloud databases, design cloud data architecture"
statistics,esco,"experimental data, use of data in performance of work, use of statistics, organisation of data, data analysis, survey data, use of statistics in performance of work, data collection, stats, data work, big data, metadata, statistical analysis, use of data, administrative data"
sports competition information,esco,"sports competition data, sports competition report, information on sports competitions, sports competition advice, sports competition knowledge"
record customers' personal data,esco,"recording customers' personal data, directory customers' personal data, record a customers' personal data, archive customers' personal data, recording a customers' personal data, compendium customers' personal data"
provide legal legitimacy to the transfer of assets,esco,"providing legal legitimacy to the transfer of assets, give legal legitimacy to the transfer of assets, provide legal legitimacy to the transfer of asset"
analyse data for aeronautical publications,esco,"analyse civil aviation authority data for incorporation into aeronautical publications, develop aeronautical publication amendments through data analysis, collect edit and analyse data for incorporation into aeronautical publications, evaluate data for aeronautical publications, analyze data for aeronautical publications, assess data for aviation publications, conduct aeronautical data analysis for incorporation into aeronautical publications, evaluate data for aviation publications, create aeronautical publication amendments through data analysis, analyse data for aviation publications, assess data for aeronautical publications"
cyber security,esco,"ict security, cybersecurity, digital security, information and communications technology security, it security, information security"
manage flight data communications programme,esco,"oversee flight data communication programme, supervise data communication programme, supervise flight data communication programme, manage data communication programme, manage exchange of flight data in aviation operations, oversee data communication programme, manage exchange of digital flight data between pilots and air traffic control, facilitate transmission of flight data through management of digital communication programmes, ensure effective exchange of digital flight data between pilots and air traffic control, manage transmission of flight data in aviation operations, manage flight data communications program"
use word processing software,esco,"google docs, gnu texmacs, ibm lotus word pro, abiword, textedit, latex, wordgraph, quickoffice, calligra words, kingsoft office writer, libreoffice writer, use document processing program, atlantis word processor, polaris office, produce text files, type text, make use of word processing software, apply word processing software, use word processor, using word processor, microsoft office word, apple pages, zoho writer, use word processing, wordpad, able to use using word processing software, textilus, utilise word processing software, thinkfree office, intellitalk, use text processing program"
framework for a safety management system,esco,"structure of a system of safety management, content of a safety management system, contents of a safety management system, structure of a safety management system, framework of a system of safety management, content of safety management systems, constitution of a safety management systems, framework of a safety management system, composition of a safety management system, structure for a safety management system"
handle cybersecurity incidents,esco,"analyse cybersecurity incidents, handle cybersecurity incidents in production facilities, monitor security logs, respond to cyber incidents, monitor the security of digital systems"
analyse test data,esco,"analysing test data, evaluate test data, examine test data, analyzing test data, analyze test data, assess test data"
ibm infosphere information server,esco,ibm infosphere information server platform
enforce railway safety regulations,esco,"ensure railway safety through enforcement of regulations, enforce safety regulations for rail operations, undertake railway regulation enforcement activities, ensure compliance with railway safety regulation, ensure compliance with railway safety regulations and procedures, enforce railroad safety regulations, enforce safety regulations for rail networks, enforce safety regulations for railways, ensure compliance with railway safety procedures, perform railway regulation enforcement activities, enforce rail safety regulations"
cae software,esco,"computer-aided engineering software, computer-aided engineering softwares, cae software tools"
test samples for pollutants,esco,"measuring pollutants in samples, conducting sample analysis, testing of samples for pollutants, carry out sample analysis, testing samples for pollutants, carrying out sample analysis, conducting of sample analysis, sample testing for pollutants, carrying out of sample analysis, sample analysis conduct, measure pollutants in samples, conduct of sample analysis, pollutant testing of samples"
use back-up and recovery tools,esco,"use recovery software, use back-up and recovery software, use back-up software, use recovery tools, back-up and recovery tools using, using back-up and recovery tools, using back-up and recovery software, use back-up tools"
maintain waste collection records,esco,"waste collection records maintaining, maintaining waste collection records, retain waste collection data, retaining waste collection data, waste collection data retaining"
shape sheet metal objects,esco,"work sheet metal, sheet metal object shaping, form sheet metal, shaping sheet metal objects, sheet metal forming, shaping of sheet metal objects, sheet metal working"
lean manufacturing,esco,"pdca, manufacturing excellence, total productive maintenance, operational excellence, wcm world class manufacturing, business excellence, ace achieving competitive excellence, process excellence"
design 2d pattern for footwear 3d visualisation,esco,"develop 2d model for 3d footwear design, prepare 2d patterns for footwear 3d visualisation"
service-oriented modelling,esco,"ict service models, service oriented models, saas model, software as a service, saas, service-oriented modeling"
prescribe topical therapy,esco,"prescribe topical medication in dermatology, prescribe topical medication for skin deseases, prescribe a topical therapy, prescribe topical therapies"
remove computer virus or malware from a computer,esco,"removing virus from a computer, removing malware from a computer, cleaning malware-infected computer, removing computer virus or malware from a computer, remove virus from a computer, clean malware-infected computer, clean virus-infected computer, cleaning virus-infected computer, computer virus or malware removing from a computer, remove malware from a computer"
utilise machine learning,esco,"carry out machine learning, use machine learning, utilize machine learning, perform machine learning"
oversee development of software,esco,"oversee development of applications, coordinate development of applications, monitor development of software, manage the development of a software, coordinate development of software"
ibm informix,esco,"informix extended parallel server, informix advanced workgroup edition, informix workgroup edition, informix enterprise edition, informix dynamic server, informix advanced enterprise edition, informix express edition"
comply with regulations related to export in different countries,esco,"comply with laws related to export in different countries, comply with statutes related to export in different countries, comply with the regulations related to export in different countries, comply with rules related to export in different countries, complying with regulations related to exports in different countries, comply with legislation related to export in different countries"
core banking software,esco,core banking application
create database diagrams,esco,"create database blueprint, create database models"
thermodynamics,esco,"thermo-dynamics, laws of thermodynamics"
make decisions regarding landscaping,esco,"making decisions regarding landscaping, decision making regarding landscaping, make decisions about landscaping, making judgements about landscaping, make judgements regarding landscaping, making judgements regarding landscaping, make judgements about landscaping, judgement making regarding landscaping, making decisions about landscaping"
physical science applied to paramedical practice,esco,"principles and theories of physics applied to paramedical practice, applied physics in paramedical practice, physical sciences applied to paramedical practice, laws of physics relevant for paramedical practice, physical science applied to paramedical practices"
levels of software testing,esco,software integration testing
typescript,esco,typescript programming language
operate signal generator,esco,"microwave signal generator operating, arbitrary waveform generator operating, rf signal generator operating, tone generator operating, digital pattern generator operating, function generator operating, frequency generator operating, pitch generator operating"
apply information security policies,esco,"protect data, information security policy, comply with data protection regulations, ensure cia, ensure confidentiality principles, secure data, protect information, apply data protection, data protection regulations, data security"
perform oil tests,esco,"performing of oil tests, oil sampling, sample oil, sampling of oil, test oil, performance of oil tests, use oil testing equipment, sampling oil, oil test performance, performing oil tests, oil tests, oil sample tests"
oracle application development framework,esco,oracle adf
jsss,esco,javascript style sheets
analyse clothing 3d prototypes,esco,"study 3d clothing prototypes, adjust the 3d prototype, evaluate clothing 3d models, examine 3d garment prototypes, screen the 3d prototype"
maintain data entry requirements,esco,uphold data entry requirements
architecture regulations,esco,"architecture regulation, architecture standards, architecture requirements, architecture laws, architecture norms"
economics,esco,"commodity markets, economic principles, financials, market economics, financial data, economic practices, banking, financial economics, finances"
act discreetly,esco,"behave discreetly, perform discreetly, acting discreetly, comport oneself discreetly, conduct oneself discreetly"
manage computer-based transport operation control systems,esco,"ensure transfer of digital information between control centres and transport units, oversee computer-based transportation operation control systems, oversee computer transport operation control systems, manage transfer of digital information between control centres and transport unit, manage computer transport operation control systems, manage computer-based transport operation control systems;, manage performance of computer-based transport control systems, monitor performance of computer-based transport control systems, manage computer transportation operation control systems, oversee computer-based transport operation control systems, oversee performance of computer transport control system, manage computer-based transportation operation control systems"
tend cnc drilling machine,esco,"guard computer controlled boring machinery, take care of computer controlled boring machinery, guard cnc drilling machine, take care of cnc drilling machine, oversee cnc drilling machine, oversee computer controlled boring machinery, watch over cnc drilling machine, watch over computer controlled boring machinery"
gather experimental data,esco,"experimental data gathering, accumulate experimental data, collect experimental data, gathering of experimental data, compile experimental data"
computer engineering,esco,"science of computer engineering, computer software development, integration of hardware and software, software design, discipline of computer engineering, computer hardware development, engineering of computers, field of computer engineering"
operate testbeds,esco,"work with test beds, facilitate equipment testing through operation of test beds, control test beds, carry out test bed operations, use test beds, facilitate testing of equipment through use of test beds, undertake test bed operations, utilise test beds, facilitate equipment testing through controlling test beds, perform test bed operations"
microprocessors,esco,"microchips, computer microprocessors, micro-processors, computer micro-processors, micro-chips, chips"
blackarch,esco,blackarch testing tool
shape nails,esco,"shape nail, shape finger nails, sculpt nails, sculpt finger nails, mould finger nails, mould nails, shaping nails"
fabricate mouth models,esco,"turn impressions of the mouth into models, stone models of the mouth and teeth, fabricate models of the mouth and teeth, trim and polish models of the mouth, use impressions of the mouth to build models, turn impression of the mouth into model"
use software libraries,esco,utilise software libraries
e-learning software infrastructure,esco,e-learning software infrastracture and applications
customs regulations for passengers,esco,"customs and immigration codes, customs rules for passengers, passenger customs regulations, customs and immigration regulations for passengers, regulations for crossing borders, border crossing regulations, customs law for passengers, regulations for customs and immigration enforcement, customs and immigration laws, passenger customs rules"
ajax framework,esco,"ajax framework features, ajax framework features for web applications development, ajax framework for web applications development, ajax framework components, ajax development environments, ajax framework for web application development, ajax framework features for web applications development, ajax software development environments, ajax framework components, ajax framework features, ajax framework features for web development, ajax framework for web applications development"
hydrotherapy,esco,"hydrotherapies, use of water for pain relief, use of water for treatment"
fill out forms,esco,"complete forms, enter data into forms, fill out form, filling out forms, fill in forms"
use non-destructive testing equipment,esco,"non-destructive testing method application, using non-destructive testing equipment, application of non-destructive testing methods, non-destructive testing equipment utilisation, non-destructive testing equipment use, use of non-destructive testing equipment, utilisation of non-destructive testing equipment, applying non-destructive testing methods, apply non-destructive testing methods"
manage ethical dilemmas in genetic testing,esco,"make ethical assessments about the suitability of genetic testing, handle ethical dilemmas in genetic testing, address ethical dilemmas in genetic testing, understand the ethical dilemmas that accompany genetic testing, work with an awareness of the ethical dilemmas that accompany genetic testing, make ethical judgements about the information to be gained through genetic testing, consider ethical dilemmas of genetic testing, cope with ethical dilemmas in genetic testing, make judgements about the ethical limits of genetic testing"
record data from biomedical tests,esco,"use it to record and analyse data from biomedical tests, record data from biomedical test, analyze data from biomedical test, analyse data from biomedical tests, record data from a biomedical test"
use shorthand computer program,esco,"utilize shorthand computer programs, use shorthand program, use computer program for shorthand, use shorthand computer programs, using shorthand computer program, work with shorthand computer programs"
manage dispatch software systems,esco,"manage dispatch software systems;, manage software systems used in dispatching, administer dispatch software systems, conduct dispatch software management activities, oversee dispatch software, oversee computer programmes used in dispatching operations, oversee software systems used in dispatching, administer systems of dispatch software, perform dispatch software management activities, manage computer programmes used in dispatching operations, manage systems of dispatch software, oversee dispatch software systems, manage dispatch software"
cloud monitoring and reporting,esco,"cloud monitoring, cloud computing monitoring and reporting, cloud reporting"
digital curation,esco,digital research curation
forecast future ict network needs,esco,"foresee future ict network demands, estimate future ict network needs"
software design methodologies,esco,"software design approaches, software design techniques"
use digital illustration techniques,esco,"use techniques for digital illustration, use digital illustration programmes, illustrate drawings digitally, use digital technique illustrations"
create data sets,esco,"data set creation, establish data sets, create a data set, produce data sets, design data sets, develop data sets, creating data sets"
perform computer analyses of geotechnical structures,esco,"utilise a computer to analyse geotechnical structures, assess geotechnical structures through use of a computer, conduct computer-aided evaluations of geotechnical structures, carry out computer analyses of geotechnical structures, undertake computer-aided evaluations of geotechnical structures, assess geotechnical structures with a computer, undertake computer analysis of geotechnical structures, conduct computer analysis of geotechnical structures, conduct computer analyses of geotechnical structures, perform computer analyzes of geotechnical structures, carry out computer analysis of geotechnical structures, perform computer analysis of geotechnical structures"
generate reconciliation reports,esco,"reconciliation report generating, reconciliation report generation, generation of reconciliation reports, reconcile production plans and production data, reconciling production plans and production data, reconciliation of production plans and production data, generating reconciliation reports, production plan and production data reconciliation, generating of reconciliation reports"
comply with pipeline transport regulations,esco,"follow pipeline transport codes, apply standards governing the transportation of goods via pipeline, monitor regulations governing pipeline transportation, implement legal requirements for pipeline transport, apply pipeline transportation laws, abide to the legal standards for pipeline transport, comply with pipeline transport laws, follow pipeline transportation codes"
use shaping machinery,esco,"use a shaping machine, handle shaping machinery, apply shaping machinery, use of shaping machinery, operate shaping machinery, using shaping machinery, adopt shaping machinery"
human-computer interaction,esco,hci
execute software tests,esco,"test application, test programs"
forming of public opinion,esco,"forming of public's opinion, manufacturing of public opinion, shaping of public opinion, forming of public opinions"
perform road testing of vehicles,esco,"implement road testing, complete road testing, perform a road test, performing road testing, undertake road testing, performing a road test, perform road testing"
integrated development environment software,esco,"zeus ide, borland c++ builder, codeforge, dev-c++, dialogblocks, codelite, anjuta, philasmicos entwickler studio, spe, netbeans, mingw developer studio, wxhatch, ide, code::blocks"
apply digital mapping,esco,"engage in digital mapping, employ digital mapping, use digital mapping, applying digital mapping"
detect flaws in rails,esco,"recognise internal flaws in rails, discover flaws in rails, prevent derailment by identifying internal flaws in rails, prevent derailment through identification of rail flaws, recognise flaws in rails, detect internal flaws in rails, reduce chances of derailment by detecting internal rail flaws, identify flaws in rails, identify internal flaws in rails, prevent derailment through identification of internal rail flaws, prevent derailment by identifying internal rail flaws, reduce chances of derailment by detecting internal flaws in rails"
web based collaborative platforms,esco,"digital collaboration tools, online collaborative tools"
develop programming schedule,esco,"write programming schedule, establish programming schedule, draft programming schedule, developing programming schedule, develop programming schedules, set programming schedule"
digital image processing,esco,"digital image processing practices, digital image manipulation, aliasing for digital image processing, image interpolation for digital image processing, digital image manipulation aspects"
create freight rate databases,esco,"develop and maintain databases of freight rates, keep and update databases of freight rates, maintain databases of cargo rates, keep and update freight rate databases, develop and maintain freight rate databases, maintain databases of freight rates, maintain cargo rate databases, keep databases of cargo rates, keep databases of freight rates, keep freight rate databases, update databases of freight rates"
ensure tram system power supply,esco,"perform power maintenance activities for tramways, maintain tramline power supply, ensure tram network power supply, conduct power maintenance activities for tram systems, ensure tramline power supply, ensure tramway power supply, maintain tram network power supply, ensure power supply for the tram system, ensure power supply for tramlines, maintain tramway power supply, ensure power supply for the tramway, ensure power supply for tram network"
use computer-aided translation,esco,"computer-aided translation use, employ computer-aided translation, using computer-aided translation, apply computer-aided translation, operate computer-aided translation"
usability engineering,esco,usability testing
evaluate scientific data concerning medicines,esco,"evaluate scientific data concerning medications, assess scientific data concerning medicines, appraise scientific data concerning medicines, evaluate data concerning medicines, evaluate scientific data concerning pharmaceutical drugs"
digital game creation systems,esco,"3d engine, nebula device, onyx engine, m.u.g.e.n, phyreengine, flixel, k2 engine, dagor engine, cpal3d, 3d mmorpg game engine, flare3d, unigine, tgea, infinity engine, antiryad gx, goldsrc, neoaxis engine, gamebryo, ubiart framework, bigworld, arsys engine, flanging, mt framework, rpg maker, shiva3d, 4a engine, hpl engine, runetek, dunia engine, s2engine hd, video game engine, videogame engine, panta rhei, scimitar, game middleware, panda3d, clausewitz engine, game engine"
conduct environmental surveys,esco,"conduct surveys on risks to the environment, collect information on environmental risks through implementation of surveys, carry out environmental surveys, conduct environment surveys, gather data on environmental risks through conducting surveys, execute environmental surveys, undertake environmental surveys, conduct surveys on environmental risks, perform environmental surveys, collect data on environmental risks through implementation of surveys"
test package,esco,"test packages, test a package, test a bundle, test a load, package testing, test a parcel, test a bag"
rapid application development,esco,"rapid application development model, rapid application development methodology"
apply ict system usage policies,esco,"administer ict system usage policies, implement ict system usage policies, handle ict system usage policies, follow written laws for ict system usage, follow ethical standards for ict system usage"
manage content metadata,esco,"manage content, manage metadata"
sell software personal training,esco,"to sell software personal training, market software personal training, trade software personal training, dispose software personal training, software personal training sales, barter software personal training, selling software personal training"
e-agriculture,esco,"smart agriculture, smart farming, agriculture 4.0, information and communication technology in agriculture, digital agriculture"
liaise with celebrities,esco,"interact with celebrities, schmooze with celebrities, network with celebrities, liaising with celebrities, liaise with celebrity"
manage software releases,esco,"approve software release process, analyse and approve software development releases"
3d modelling,esco,"three-dimensional modelling, 3d representation, 3d designing, 3d graphics, 3d modeling, 3d rendering"
employment law,esco,"employment regulation, employment laws, employment statute, employment rule, employment legislation"
data analytics,esco,data anlysis
business process modelling,esco,"process modelling, bpmn, business process modeling"
use customer relationship management software,esco,"use a customer relationship management software programme, apply customer relationship management software, adopt customer relationship management software, use of customer relationship management software, using customer relationship management software, handle customer relationship management software, operate customer relationship management software"
business analytics,esco,business data analytics
resource description framework query language,esco,"rdf query language, sparql"
coffeescript,esco,"coffeescript coding techniques, coffeescript software development techniques, coffeescript programming paradigms, coffeescript software development principles, coffeescript algorithms"
perform pestel analysis,esco,"conduct pestel analysis, carry out pestel analysis, perform analysis using pestel framework, conduct analysis using pestel framework"
healthcare data systems,esco,"healthcare data system, healthcare data system types, types of healthcare data systems, health care data systems, healthcare user data management"
computer equipment,esco,"computer apparatus, computer machinery, computer machines, computing equipment, computer devices"
simulate mechatronic design concepts,esco,"mechatronic design concepts modelling, mechatronic design concepts simulating, simulating mechatronic design concepts, modelling mechatronic design concepts"
assess music therapy sessions,esco,"assess a music therapy session, evaluate a music therapy session, evaluate music therapy sessions, analyse music therapy sessions, analyse assessment data of music therapy sessions, assess sessions of music therapy"
abbyy finereader,esco,"abbyy finereader pdf software, ocr software"
use cae software,esco,"utilise cae software, make use of cae software, use computer-aided engineering software, manage cae software, work with cae software, use cae softwares, apply computer-aided engineering software, be familiar with cae software, employ cae software"
lay out digital written content,esco,"paginate digital written content, format digital written content, laying out digital written content, lay out digital written contents"
drive motor vehicle prototypes,esco,"inspect the performance of motor vehicle models, control the movement of motor vehicle prototypes, drive motor-driven vehicle prototypes, examine the performance of motor vehicle prototypes, drive prototypes of motor vehicles, check the performance of motor vehicle prototypes, test motor vehicle prototypes, drive motorised vehicle prototypes"
javascript framework,esco,
design circuits using cad,esco,"using cad to design circuits, use cad to design circuits, cad circuit design, designing of circuits using cad, design basic circuits using cad, design circuits using computer assisted design software, designing circuits using cad, circuit design using cad, use cad software for circuit design"
balance database resources,esco,stabilise database resources
coordinate remote communications,esco,"manage radio communications, manage network communications, coordinating of remote communications, coordinate lte digital radio network, coordinating remote communications, remote communications coordination, coordinate radio communications, managing radio networks, manage radio networks, coordination of remote communications, coordinate gsm digital radio network, coordinate network communications"
prepare digital art for master photograph,esco,"digital art preparation for master copy, produce photograph master of digital art, produce digital art for master copy, produce digital art for master photograph, prepare and photograph digital art, prepare digital art for master copy, digital art preparation for master photograph"
id tech,esco,id tech software
fundamental analysis,esco,fundamental data analysis
edit digital moving images,esco,"edit digital footage, edit digital images of animation, edit moving digital images, edit digital images of movement"
ict software specifications,esco,"ict system specifications, specify use of ict software, ict software specification, ict programme specifications, ict application specifications, ict software specifying"
query languages,esco,"dmx, suprtool, ottoql, xpath, quel, isbl, .ql, f-logic, spl, fql, opath, mql, poliqarp, htsql, yql, gellish, xsparql, concept-oriented, tmql, rdql, ocl, oql, cqlf, reql, datalog"
examine dental models and impressions,esco,"analyze dental models and impressions, study dental models and impressions, check teeth models and impressions, analyse teeth models and impressions, analyse dental models and impressions, check dental models and impressions, analyse dental model and impression, examine dental models and impressions of patient's teeth"
"data extraction, transformation and loading tools",esco,"talend studio for data integration, etl, sagent data flow, open text integration center, cloveretl, pervasive data integrator, data migrator, cognos data manager, centerprise data integrator, ibm infosphere warehoedition, elixir repertoire for data etl, relational junction etl manager, powercenter informatica, syncsort dmx, adeptia integration server"
tools for software configuration management,esco,"tools for software version control, rudder, noc, ocs inventory ng with glpi, bcfg2, rundeck, synctool, smartfrog, cfengine, local configuration system, source control, radmind, cdist, quattor, isconf, revision control, nixos, git, pikt, software tools for version control, open pc server integration"
develop reporting software,esco,"create reporting software, design reporting software"
trading law,esco,"trading laws, trade law, laws on trading, commerce law"
evaluate forensic data,esco,"determine forensic data, check scene of crime data, audit forensic data, assess scene of crime data, check forensic data, assess forensic data, audit scene of crime data, determine scene of crime data"
database development tools,esco,microcontrollers
data mining methods,esco,"data mining approaches, data mining mechanisms, data mining arrangements, data mining methodology, data mining processes, a data mining method, methods of data mining"
test film processing machines,esco,"film processing machines tests, check film processing machines, evaluate film processing machines, analyse film processing machines, examine film processing machines, film processing machine test, assess film processing machines, film processing machine testing"
create master models,esco,"construct master models, build master models, creating master models, create a master model, make master models, produce master models"
interpret laboratory data in medical genetics,esco,"interpret lab data in medical genetics, analyze laboratory data in medical genetics, interpret research data in medical genetics, analyse laboratory data in medical genetics, undertake diagnostic studies in medical genetics"
comply with legislation related to health care,esco,"comply with legislation related to health-care, comply with health care legislation, adhere to legislation related to health care, obey legislation related to health care, comply with health care laws and regulations, comply with legislation related to healthcare"
manage data,esco,"administer data, data administration, manage data lifecycle, operate data quality tools, data resource management"
network within the writing industry,esco,"teaching writing, work together within writing industry, collaborate within writing industry, networking within writing industry"
mobility as a service,esco,"digital technologies for mobility services, mobility services through digital technologies, maas, shared mobility services, sustainable mobility services"
aquaculture production planning software,esco,"kinds of aquaculture production planning software, types of fish farming software, typology of aquaculture production planning software, types of aquaculture production planning software, typology of fish farming software, kinds of fish farming software, range of aquaculture production planning software, range of fish farming software"
conduct soil sample tests,esco,"carry out soil sample tests, testing soil samples, carrying out soil sample tests, conduct of soil sample tests, soil sample testing, soil sample tests conduct, conducting soil sample tests, conducting of soil sample tests"
interact through digital technologies,esco,"make use of online communication tools, communicate in digital environments, apply online communication tools, interact through ict, use e-mail software and services, use online communication tools, communicate on-line, using online communication tools, utilise online communication tools, able to use online communication tools"
search databases,esco,"research in databases, consult databases, look through databases, search database, searching databases"
supervise physiotherapist assistants,esco,"manage physiotherapist assistants, supervise physiotherapy assistants, oversee physiotherapist assistants"
healthcare analytics,esco,"health care data analytics, health care analytics, health data analytics, healthcare data analytics"
blow moulding,esco,"blow sculpting, blow fashioning, blow shaping, blow molding, blow moulds"
biostatistics,esco,"biology-related statistics, study of biostatistics, methods of biostatistics"
project anarchy,esco,"project anarchy software framework, project anarchy game development toolset, project anarchy toolset, project anarchy development environments, project anarchy mobile game engine, project anarchy game design tools, project anarchy design tools"
perform scrambling operations,esco,"undertake data encoding, carry out encoding, perform message scrambling operations, performing scrambling operations, encode data, undertake encoding, encode messages, scrambling operations performing, encoding messages, carry out data encoding, encoding data, performing message scrambling operations"
use computerised maintenance management systems,esco,"utilise computerised maintenance management systems, use computerized maintenance management systems, utilise cmms, ensure effectiveness of maintenance through use of cmms, use cmmis, follow up maintenance work through use of cmms, follow up maintenance work through use of computerised maintenance management systems, carry out computerised maintenance management system activities, carry out cmms activities, use computerised maintenance management information systems, operate cmms, operate computerised maintenance management systems"
cad software,esco,"cadd software, cad software for modelling, computer assisted design, software computer assisted design and drafting software, cad software for design, cad software for simulation"
build jewellery models,esco,"build jewelry models, create jewellery models, build jewellery model, build models of jewellery, make jewellery models, construct jewellery models, building jewellery models"
conduct physiotherapy assessment,esco,"lead physiotherapy assessment, undertake physiotherapy assessment, conduct physiotherapy examination, conduct physiotherapy analysis, conduct physiotherapy evaluations, conduct physiotherapy examinations, collect information of physiotherapy examination, conduct physiotherapy evaluation, collect data of physiotherapy assessment"
collect customer data,esco,"compile customer data, assemble customer data, gather customer information, gather consumer information, gather client information, collect data of clients, collect client data, collect data of customers, gather information on customers, gather information on clients"
data protection,esco,"principles of information privacy, principles of data protection, information privacy, protection of private data, protection of data, principles of data privacy, protection of private information, data privacy, paradigms of data protection, paradigms of data privacy"
ml (computer programming),esco,"ml, ml systems, ml development principles"
ibm websphere,esco,websphere application server
use mine planning software,esco,"utilisation of mine planning software, mine planning software utilisation, plan mining using software, using mine planning software, using software to plan mining, planning mining using software, use software to plan mining, planning of mining using software, using of mine planning software"
create 3d cad footwear prototypes,esco,"elaborate 3d digital footwear prototypes, create 3d footwear prototypes with computer-aided design software, create 3d digital footwear prototypes, design 3d digital footwear prototypes, elaborate 3d cad footwear prototypes, create 3d footwear prototypes with cad software, design 3d footwear prototypes with computer-aided designing"
audio technology,esco,"audio equipment, audio technologies, audio techniques, audio software"
information confidentiality,esco,"data confidentiality, consumer data privacy, data access control"
inspect data,esco,"data inspection, inspection of data, check data, appraise data, assess data, inspecting data, look at data"
maintain genetic registers,esco,"keep genetic registers, maintain genetic register, keep genetic data, keep a genetic register"
collaborate with stakeholders in leading community arts,esco,"team up with stakeholders in leading community arts, collaborate with stakeholders in leading community art, network with stakeholders in leading community arts, collaborate with leading community art stakeholders, collaborate with stakeholders in community arts, collaborating with stakeholders in leading community arts, work together with stakeholders in leading community arts"
graphics editor software,esco,"autodesk sketchbook pro, adobe photoshop elements, cinepaint, neopaint, project dogwaffle, sk1, apache openoffice draw, rawtherapee, pixbuilder photo editor, cosmigo pro motion, omnigraffle, photoscape, svg-edit, corel painter essentials, swift 3d, ufraw, artrage, gimphoto, picasa, arcsoft photoimpression, fatpaint, vector graphics editor, pictor paint, pixlr.com, qfx, zoner photo studio, gimpshop, digikam, tvpaint, paint.net, xnview, darktable, codedcolor, irfanview, lightzone, photogenics, libreoffice draw, ability photopaint, embroidermodder, serif photoplus, picmonkey, phatch, imagemagick, chasys draw ies, acd canvas, inkscape, color it!, unified color hdr photostudio, xpaint, grafx2, lview pro, xara xtreme lx, erdas imagine, balsamiq, macromedia freehand, g'mic, shotwell, tux paint, graphicconverter, xara photo & graphic designer, corel photo-paint, sodipodi, pixelmator, f-spot, graphicsmagick, sai, photo mechanic, lazpaint, ulead photoimpact, pixia, fotografix, pmview, faststone image viewer, rawstudio, kolourpaint, serif drawplus, photoperfect, iridient developer"
colour grade images with digital intermediate,esco,"colour grade images with di, color grade images with digital intermediate, colour grade images with d.i."
data storage,esco,file hosting service
manage data collection systems,esco,oversee data collection methods
digital media,esco,"digital video media, digital audio media"
manage data for legal matters,esco,"organise data for legal analysis, prepare data for legal processes, collect data for legal matters"
postgresql,esco,postgres
shape corporate culture,esco,"determine corporate culture, shaping corporate culture, shape corporation culture, define corporate culture"
intellectual property regime of digital content,esco,"digital content ipr, copyright and licenses related to digital content"
specify digital game scenes,esco,create digital game locations
detect flaws in bottles,esco,"detect bottling flaws, find flaws in bottles, establish flaws in bottles, identify flaws in bottles, determine flaws in bottles, detect flaws in a bottle, detect a flaw in a bottle"
execute conversion testing,esco,"undertake conversion testing, carry out conversion testing, enact conversion testing, execute a conversion test, achieve conversion testing, conversion testing execution, executing conversion testing"
digitization,esco,digital enablement
monitor broadcast programming,esco,"read broadcast programming, monitoring programming, read programming, consult broadcast programming, manage programming, review broadcast programming, check broadcast programming, monitor programming, oversee programming, supervise programming"
railway framework legislation,esco,"legal regulations on railway frameworks, railroad framework regulation, railroad framework legislation, international railway network law, railway framework regulation, laws governing railway networks, international railway network legislation, legal regulations on railway networks, international railway framework legislation, rail framework regulation, legal provisions on railway frameworks, rail framework legislation, laws governing railway frameworks"
analyse experimental laboratory data,esco,"interpret experimental laboratory data, interpret results of laboratory experiments, examine experimental laboratory data, analyze experimental laboratory data"
database management systems,esco,"pointbase embedded, r:base, adaptive server anywhere, oracle lite, rdb, interbase, velocis, jasmine ii, raima database manager, idms, yard-sql, versant, oracle 8i, db.linux, nonstop sql, quadbase sql server, pointbase network server, pervasive.sql 2000, unidata, unisql, adaptive server enterprise, db.star, poet object server suite, informix dynamic server 2000, informix extended parallel server, dbms, cloudscape, supra, database systems, sqlbase, ims db, peoplesoft, datacom, db2 everyplace, sybase, pointbase mobile, model 204, advantage database server, pervasive.sql workgroup, adabas d, timesten, db engines, adabas, objectivity db, sql, ingres ii"
evaluate cost of software products,esco,"apply methods to evaluate cost of software products, apply techniques to evaluate cost of software products, estimate cost of software products, estimate cost of maintenance of software products, estimate compliance cost of software products"
test chemical samples,esco,"chemical sample testing, chemical sample analysing, analysing chemical samples, testing chemical samples, chemical samples analysing, chemical samples testing, analyse chemical samples"
design database backup specifications,esco,"create database backup specifications, draft database backup specifications, specify database backup procedures, define database backup specifications, lay out database backup specifications"
operate digital printers,esco,"operating digital printers, handle digital printers, control digital printers, operate digital printer, run digital printers, use digital printers, activate digital printers"
manage chemical testing procedures,esco,"oversee chemical testing procedures, managing chemical testing procedures, overseeing chemical testing procedures, supervising chemical testing procedures, supervise chemical testing procedures"
shape metal over anvils,esco,"forge metal, metal forging, shaping metal over anvils, shaping of metal over anvils, using forging tools, using anvil to forge metal, use anvil to forge meta, forging metal, metal shaping over anvils, use forging tools"
keep up-to-date to design industry trends,esco,"keep an up-to-date to design industry trend, keep up-to-date to design industry trend, keep up-to-date with design industry trends, develop up-to-date to design industry trends, arrange up-to-date to design industry trends, model up-to-date to design industry trends, produce up-to-date to design industry trends"
implement a virtual private network,esco,"implementing a virtual private network, vpn installing, implement a vpn, virtual private network installing, virtual private network implementing, vpn implementing, installing a virtual private network, implementing a vpn, installing a vpn, install a vpn"
battery testers,esco,"typology of battery testers, typology of battery meters, meters for batteries, range of battery meters, types of battery testers, battery meter, battery meter types, battery tester types, types of battery meters, battery module testing, testers for batteries, range of battery testers"
statistical analysis system software,esco,"statistical analysing of system software, statistical analysis of system software, statistical analysis of software systems, statistical analysis system programme, statistical analysis system operating system, statistical analysis system application"
test oil samples,esco,"analyse samples of oil, sample test oil, analyse oil samples, oil sample testing, testing samples of oil, sample testing oil, testing of oil samples, analysis of oil samples, testing oil samples, analyse oil, test samples of oil, oil sample analysis"
data security principles,esco,"data security methods, information security principles"
manage ict virtualisation environments,esco,"manage ict virtualization machines, manage virtualisation of servers and workstations, manage containerization"
use sales forecasting softwares,esco,"using sales forecasting softwares, use forecasting softwares for sales, utilize sales forecasting softwares, use sales forecast softwares, use sales forecasting software, employ sales forecasting softwares"
repair laminated structures,esco,"repair laminated constructions, repair laminated frameworks, repair laminated boat parts, perform repair on laminated structures"
test instrumentation equipment,esco,"checking instrumentation equipment, check instrumentation equipment, instrumentation equipment testing, instrumentation equipment checking, testing instrumentation equipment"
design chassis,esco,"model chassis, chassis design, develop chassis, arrange chassis, design a chassis, designing a chassis, produce chassis"
develop code exploits,esco,develop software exploits
products coding system,esco,"goods coding system, products coding systems, a product coding system, brands coding system, commodities coding system, merchandise coding system, product coding systems, stock coding system"
decide on type of genetic testing,esco,"choose type of genetic testing, choose appropiate test of genetic testing, decide on form of genetic testing, decide on type of genetic measurement, decide on type of genetic examination, consider type of genetic testing, select type of genetic testing, decide on type of genetic testing procedure, decide on type of genetic test, decide on category of genetic testing"
computer graphics,esco,"vector graphics, interactive computer graphics"
use digital instruments,esco,"utilize digital instruments, use digital instrument, work with digital instruments, using digital instruments"
design application interfaces,esco,design api
value-added tax law,esco,"value-added tax legislation, value-added tax statutes, value-added taxation laws, value-added taxation law, value-added tax regulation, value-added tax rules, value-added tax laws"
massage types,esco,"forms of massage, types of massage, variety of massage techniques, different types of massage, variety of massage forms, variety of massage therapies, variety of massage treatments, massage therapies, kinds of massage, classifications of massages"
unreal engine,esco,unreal engine software
kinesitherapy,esco,"kinesitherapist, kinesiotherapy, kinesitherapeutic, kinesiatrics"
test fragrances against customer satisfaction,esco,"testing fragrances against customer satisfaction, fragrances testing against customer satisfaction, fragrance analysing against customer satisfaction, fragrances analysing against customer satisfaction, fragrance testing against customer satisfaction, analysing fragrances against customer satisfaction, analyse fragrances against customer satisfaction"
use communication and collaboration software,esco,"communicate in digital environments, interact through ict, use e-mail software and services, communicate on-line, communicate online"
online analytical processing,esco,"olap databases, cube databases, olap"
ict system programming,esco,"network programming, server side programming"
adjust ict system capacity,esco,adjust ict network capacity
open source model,esco,
draft legislation,esco,"draft laws, draft regulations, develop regulations, develop rules, develop statutes, draft statutes, develop laws, draft rules"
medical informatics,esco,"medical-informatics, medical data informatics, informatics for medicine"
collect statistics on medical records,esco,"perform statistical analysis of medical records, perform statistical analysis from medical records, analyse medical records using statistical methods, collect statistics from medical records"
air transport law,esco,"regulation in aviation, air transport laws, aviation regulation, air transportation laws, air transport legislation, air transportation law, air transportation legislation, legislation governing aviation, legislation in aviation, aviation law, aviation legislation, legislation in air transport"
operate chainsaw,esco,"execute activities using chainsaws, using chain saw, control chainsaw, using chainsaw, chain saw using, cutting with chainsaw, use chainsaw, carry out chainsaw operations, handle chainsaw, utilise chainsaw, perform chainsaw operations, cut with chain saw, cutting with chain saw, chainsaw using, cut with chainsaw, use chain saw, manipulate chainsaw, perform tasks using chainsaws, perform activities using chainsaws"
animal therapy,esco,"therapy involving animals, animal therapies, involvement of animals in treatment, therapy involving an animal"
use cad software,esco,"adopt cad software, operate cad software, apply cad software, use of cad software, handle cad software, using cad software, cad software use"
patient record storage,esco,"compilation of patient data, compilation of patient records, storage of patient records, patient data storage"
labour law,esco,"labour laws, workers' law, labour statutes, labour rules and regulations, workers' law, labor law"
advise customers on type of computer equipment,esco,"help customers on type of computer equipment, advising customers on a type of computer equipment, suggest customers on type of computer equipment, instruct customers on type of computer equipment, advise customers on types of computer equipment, recommend customers on type of computer equipment, advise a customers on a type of computer equipment, commend customers on type of computer equipment"
supervise landscape projects,esco,"managing landscaping projects, supervising landscape projects, supervise landscaping projects, supervising landscaping projects, managing landscape projects, landscape projects managing, landscape project supervising, manage landscape projects, landscape project managing, landscaping projects supervising, manage landscaping projects, landscaping projects managing, landscape projects supervising"
finish shells,esco,"complete shells, complete basic structural frameworks, perform basic structural frameworks construction, accomplish shell construction, carry out basic structural frameworks construction, accomplish basic structural frameworks construction, carry out shell construction, perform shell construction"
ajax,esco,"ajax technology, ajax software, ajax techniques"
perform sample testing,esco,"using sampling equipment, taking samples, take samples, using of sampling equipment, performance of sample testing, performing sample testing, sample testing, sampling equipment use, sampling, performing of sample testing, use of sampling equipment, sample testing performance, testing samples"
database quality standards,esco,"databases quality standards, evaluation of database quality, database quality evaluation, database quality standard, quality standards for databases, quality standard for databases, databases quality evaluation"
negotiate on asset value,esco,"negotiate capital value, negotiate asset value, negotiate value of assets"
c++,esco,"c++ software, c++ framework"
interpret geophysical data,esco,"interpretation of geophysical data, geophysical data assessment, interpreting of geophysical data, understanding of geophysical data, assess geophysical data, understanding geophysical data, geophysical data interpretation, interpreting geophysical data"
develop digital educational materials,esco,"develop instructional material for educators, develop instructional material, develop educational materials, develop educational resources, develop digitized educational materials, develop instructional material for education"
assess reliability of data,esco,"estimate reliability of data, assessing reliability of data, determine reliability of data, assess data reliability, evaluate reliability of data"
manage digital documents,esco,"alfresco standard network, dokmee, enterprise content management, filehold, athento smart document management, filenet content manager, filecenter pro, sivadoc, m-files dms, nuxeo document management, docuxplorer, bluedoc, managing digital documents, manage digital files, paperport pro, docpoint, onedrive, docstar eclipse"
manage product testing,esco,"oversee product testing, manage product tests, supervise product testing, manage testing of products, managing product testing"
test edge crush,esco,"measure edge crush, testing edge crush, evaluate edge crush, monitor edge crush, check edge crush, test edge crushing, verify edge crush"
apply aromatherapy,esco,"use aromatherapy, apply aroma-therapy, carry out aroma therapy, apply aroma therapy, carry out aromatherapy, apply aromatherapies, use aroma therapy, offer aromatherapy"
teach computer science,esco,"teaching computer science, teaches computer science, explain computer science, provide instruction on computer science, educate on computer science"
analyse transport business networks,esco,"analyse networks of transportation businesses, analyze transport business networks, analyse networks of transport businesses, conduct transport business network analysis, evaluate transport business networks, perform analyses of transport business networks, make assessments of transportation business activities, evaluate transportation business networks, carry out evaluations of transport business networks, conduct assessments of transport business networks, analyse transportation business networks"
understand spoken javanese,esco,"make sense of spoken javanese, understand javanese speech, listen to javanese, interpret spoken javanese, comprehend spoken cara jawa, comprehend spoken basa jawa, comprehend spoken javanese"
conduct fire tests,esco,"conduct fire check, conduct fire testing, conduct fire analysis, conduct fire examination, conduct fire test, conduct fire evaluation, conduct fire assessment"
mobile device software frameworks,esco,"mobile phone software frameworks, android software frameworks, windows phone software frameworks, ios software frameworks, cell phone device software frameworks"
computer assisted language learning,esco,call
filemaker (database management systems),esco,"filemaker pro, filemaker, filemaker go"
record the outcome of psychotherapy,esco,"keep track of psychotherapeutic results, record results of psychotherapy, record outcomes of psychotherapies, keep track of outcomes of psychotherapies, record outcome of psychotherapy"
operate computerised control systems,esco,"operate computerized systems for production control, use computerised systems for production control, operate computerised systems for production control, use computerised control systems, use computerized control systems, use computerized systems for production control, operate computerized control systems"
refraction of the eye,esco,"refraction of the eyes, refractive error examination, refractive error testing"
digital arts,esco,"born-digital artworks, digital photography, pixel art"
model optical systems,esco,"optical system simulating, optical system modelling, optical systems modelling, optical systems simulating, simulate optical systems, simulating optical systems, modelling optical systems"
perform virtual simulation,esco,"conduct digital simulation, carry out virtual simulation"
trading software,esco,"trading application, trading software solution"
design prototypes,esco,"create prototypes, create preproduction models, construct prototypes, draft prototypes, conceive prototypes, develop prototypes, work out the structure of prototypes, designing prototypes"
samurai web testing framework,esco,"owasp samurai wtf, samuraiwtf"
test electronic units,esco,"check performance of electronic units, testing of electronic units, checking electronic unit performance, checking performance of electronic units, electronic unit testing, test electronic unit, check electronic unit performance, testing electronic unit, testing electronic units"
check for flaws in scanned material,esco,"check for flaws in scanned supplies, check for flaws in scanned materials, checking for flaws in scans, check for flaws in scans, check for flaws in scanned resources"
develop statistical software,esco,"define statistical software, prepare statistical software, developing statistical software, create statistical software, write statistical software"
implement anti-virus software,esco,"load malware protection, loading malware protection, installing anti-malware software, install anti-virus software, anti-virus software installing, install anti-malware software, anti-malware software installing, implementing anti-virus software, anti-virus software implementing, installing anti-virus software"
define ict network design policies,esco,"define ict network architecture framework, establish ict network design policies, specify ict network design principles"
model hardware,esco,"simulate computer hardware, model computer hardware, computer hardware modelling, modelling hardware, hardware simulating, simulating computer hardware, computer hardware simulating, simulating hardware, modelling computer hardware, hardware modelling"
operate tram system monitoring equipment,esco,"use tram network monitoring equipment, ensure tram safety through use of monitoring equipment, monitor tram services using specialist equipment, use equipment to ensure trams are running to schedule, operate tram system monitoring screens, utilise tram system monitoring equipment, ensure effective tram services through use of monitoring equipment, use equipment to monitor tram services, use tram system monitoring equipment, operate tram network monitoring systems, operate monitoring equipment for tram systems"
conduct research on food waste prevention,esco,"perform investigation to reduce food waste, conduct research on the costs for managing food waste, conduct research on the equipment for managing food waste, analyse data on food waste prevention and comparative reduction of food costs, evaluate methods for reducing food waste"
manage digital identity,esco,protecting privacy and identity on the internet
use audio reproduction software,esco,"employ audio reproduction tools, operate audio reproduction software"
cloud technologies,esco,"cloud computing, edge computing"
measure software usability,esco,"usability evaluation, perform software usability testing"
frostbite (digital game creation systems),esco,"frostbite 1.5, frostbite 2, frostbite 3, frostbite"
make data-driven decisions,esco,take decisions based on data
test system accessibility for users with special needs,esco,ensure software accessibility
carry out statistical forecasts,esco,"carrying out a statistical forecast, make statistical forecasts, complete statistical forecasts, undertake statistical forecasts, oversee statistical forecasts, carrying out statistical forecasts, carry out a statistical forecast"
swift (computer programming),esco,"swift programming paradigms, swift software development techniques, swift software development principles, swift, swift algorithms"
ict project management methodologies,esco,"code and fix development, benefits realization management, agile, scrum, structured methodology, prince2, extreme project management, agile, critical chain project management, software development methodologies, project management framework, project management software"
design hardware,esco,"specify computer hardware, specify hardware, hardware design, specifying computer hardware, hardware specifying, designing hardware, specifying hardware, computer hardware specifying, hardware designing"
monitor airspace planning,esco,"survey use of airspace, perform airspace use monitoring, survey airspace planning, track use of airspace, process airspace data to improve airspace planning, improve use of airspace through processing airspace data, track airspace planning, improve airspace planning through processing airspace data, monitor use of airspace, perform airspace planning monitoring"
landscaping materials,esco,"soil for landscaping purposes, wood for landscaping purposes, pebbles for landscaping purposes, types of landscaping materials, cement for landscaping purposes, gravel for landscaping purposes, wood chips for landscaping purposes, materials for landscaping, range of landscaping materials, typology of landscaping materials, characteristics of landscaping materials"
manage software localisation,esco,"oversee software localisation, organise software transference process, manage software transference process"
apply basic programming skills,esco,"use query languages, use basic coding skills, use basic programming language skills"
develop professional network,esco,"build professional network, develop professional networks, create professional network, develop pro network, developing professional network"
real-time computing,esco,"real-time computing systems, real-time data systems"
implement ict network diagnostic tools,esco,use network diagnostics tools
build networks,esco,"create networks, building effective relationships, maintain networks, show ability to network, maintain contact with others, liaise with others, make contacts, establish contacts"
design microelectromechanical systems,esco,"design microsystems, microelectromechanical systems design, design mems, model microelectromechanical systems, microelectromechanical systems designing, designing microelectromechanical systems, model microsystems, model mems"
prepare visual data,esco,"find visual data, get visual data ready, identify visual data, arrange visual data"
sql server,esco,ms sql server
link data between all inland business units,esco,"connect data between all inland business units, establish data connections between all inland business divisions, connect data between all inland operational units, establish data links between all inland business units, ensure information sharing between all inland business divisions, connect data between all inland business divisions, establish data links between all inland business divisions, link data between all inland operational units, link data between all inland business divisions, ensure information sharing between all inland business units, establish data connections between all inland business units"
legal environment in music,esco,music related laws and regulations
museum databases,esco,"museum database, museum digital records, museum databases functionality and architecture, museum database management, museum archives, museum records"
oil rig legislation,esco,"environmental legislation, regulation concerning oil rigs, environmental laws, legislation impacting on oil rigs, regulation affecting oil rigs, regulation impacting on oil rigs, legislation concerning oil rigs, legislation about oil rigs, oil rig regulation, legislation affecting oil rigs, environmental regulation, regulation about oil rigs"
compile data for navigation publications,esco,"compile navigational publication data, assemble and process data for navigation publications, compile navigation publication data, gather and process data for navigational publications, assemble and process data for navigational publications, process data for navigation publications, gather data for navigation publications, gather and process data for navigation publications, compile data for navigational publications, gather data for navigational publications"
immunotherapy,esco,"therapy to increase immune system activity, increasing body's immune system's activity against disease, immunotherapies"
design dolls,esco,"model dolls, design a doll, designing dolls, develop dolls, create dolls, form dolls"
perform safety data analysis,esco,"perform analysis of safety data, analyse safety data to identify safety threats, conduct safety analyses using database information, conduct safety data analysis, evaluate safety data, analyse safety data to determine safety threats, perform assessments of safety data, utilise information from safety bases to analyse threats to safety, conduct analysis of safety data, use information from safety databases to analyse threats to safety, evaluate safety data to determine safety threats, perform safety data assessment"
specialised astrology software,esco,"specialised software for astrology, specialized astrology software, specialised astrology computer programs"
prescribe advanced nursing care,esco,"prescribe evidence-based therapies and medication, prescribe advanced care in nursing, apply advanced nursing practice, prescribe advanced therapies in nursing care"
perform hydrodynamics calculations,esco,"calculate liquid flow velocity, calculate system hydrodynamics, calculate liquid properties, perform calculations to determine the behaviour of liquids in motion, gather data for hydrodynamics calculations"
matlab,esco,"matlab software development principles, matlab coding techniques, matlab algorithms, matlab software development techniques, matlab programming paradigms"
deliver visual presentation of data,esco,"create data visualisation, visualise data"
create set models,esco,"construct models of a set, create a set of models, construct set models, create models of a set"
international import export regulations,esco,"international import export laws, international import export legislation, international import export statutes, international import export regulation, international imports and exports regulations, international import export rules, international import and export regulations"
organisational structure,esco,"organisational role allocation, organisational blueprint, organisational structures, organisational plan, organizational structure, organisation structures, organisational framework, an organisational structure"
ict architectural frameworks,esco,"ict architectural structure, ict architectural requirements, ict architectural framework"
cad for footwear,esco,"footwear computer-aided design, footwear cad, computer-aided design for footwear, 3d computer-aided design for footwear, footwear 2d cad, 3d cad for footwear, footwear 3d cad, 2d cad for footwear, 3d and 2d cad for footwear, 2d computer-aided design for footwear"
tend computer numerical control lathe machine,esco,"watch over computer numerical control lathe machine, monitor screwing and turning, watch over screwing and turning machinery, oversee screwing and turning machinery, tend cnc turning machine machinery, monitor computer numerical control lathe machine, guard screwing and turning machinery, tend cnc lathe machine, oversee computer numerical control lathe machine, guard computer numerical control lathe machine, tend cnc turn machine"
application usability,esco,software usability
protect the environment from the impact of the digital technologies,esco,
report analysis results,esco,use data reporting
unstructured data,esco,types of unstructured data
ca datacom/db,esco,"ca-datacom/db, ca datacom, datacom/db"
record production data,esco,"production data recording, evidence production data, chronicle production data, file production data, document production data, recording production data"
cut raw footage digitally,esco,"edit raw footage digitally, digitally cut raw footage, digitally edit raw footage"
use agronomic modelling,esco,"build agronomic models, apply crop modelling"
computerised feeding systems,esco,"typology of computerised feeding systems, types of computer controlled feeding systems, computer controlled systems of feeding, feeding systems that are computerised, computerized feeding systems, computer controlled feeding systems, range of computerised feeding systems, types of computerised feeding systems, typology of computer controlled feeding systems"
salt (tools for software configuration management),esco,salt
maintain customer records,esco,"maintain passenger name record, maintain records of customer, complete customer files, maintain customer history profiles, enter data into system, update customer records, maintain personal name record, collect data about visitors, maintain customers' records, store customer records"
hazardous freight regulations,esco,"regulations on hazardous cargo, legal codes governing transportation of dangerous materials, regulatory frameworks governing transportation of hazardous materials, regulations on dangerous cargo, regulations on dangerous freight, legal codes governing transportation of hazardous materials, regulations on hazardous freight, legal provisions applying to dangerous freight, dangerous cargo regulations, hazardous cargo regulations, dangerous freight regulations, legal provisions applying to hazardous freight"
maintain computer hardware,esco,"repair computer hardware, computer hardware repairing, computer hardware maintaining, maintaining computer hardware, repairing computer hardware"
use photographic equipment,esco,"employ specialised photographic equipment, use digital photographic equipment, use equipment for photography, use equipment for photographs"
laws regulating serving alcoholic drinks,esco,"liquor legislation and regulation, regulations for the sale of alcoholic drinks, laws to regulate service of alcohol drinks, laws regulating service of alcoholic drinks"
electrical testing methods,esco,"electrical testing method, electrical testing procedures, electrical testing procedure, methods for electrical testing, procedures for electrical testing, procedures used in electrical testing, electrical testing methods and circuit testing, methods used in electrical testing"
source (digital game creation systems),esco,"source 2, source 2006, source 2007, source"
install software,esco,"computer software loading, loading computer software, load computer software, installing of computer software, software loading, loading of computer software, computer software installing, installing of software, load software, software installing, install computer software, installing software, loading of software, installing computer software, loading software"
teach digital literacy,esco,"educate on digital literacy, explain digital literacy, teaches digital literacy, teach computer literacy, teaching digital literacy, provide instruction on digital literacy"
use specific data analysis software,esco,"use particular data analysis software, utilise particular data analysis software, utilise specific data analysis software, undertake data analysis through use of specific software, perform data analysis using specific software, conduct data analysis activities utilising specific software, conduct data analysis using particular software, carry out data analysis using specific software, use specific software for data analysis, utilise specific software for data analysis"
build a network of suppliers in tourism,esco,"build a network of contacts with suppliers of tourist services, build network with tourist service suppliers, establish network of contacts with providers of tourist services, build contact network with suppliers of tourist services, create network of tourist services' suppliers"
collect tourist information,esco,"compile tourism-related data, collect, create, gather touristic information, compile touristic information, collect information on tourists, collect touristic information"
ensure compliance with gaming laws,esco,"ensure adherence to gambling regulations, ensure gaming laws are complied with, ensure conformity with gaming laws, ensure gaming laws' compliance"
interact verbally in javanese,esco,"speak basa jawa, speak javanese, communicate verbally in javanese, verbally interact in javanese, speak cara jawa"
ict recovery techniques,esco,"ict recovery techniques for corrupted software components, ict recovery techniques for hardware, ict recovery techniques for corrupted data, ict recovery methods, ict recovery techniques for damaged and corrupted software components"
audio editing software,esco,"audio editing program, audio editing plugin, audio edit software"
scientific modelling,esco,"scientific modeling, scientific reproduction, scientific model, scientific simulation, scientific models"
manage standards for data exchange,esco,set standards for data transformation
perform vehicle tests,esco,"perform testing of vehicles, perform mots, perform vehicle inspection activities, examine and maintain vehicles, execute vehicle tests, perform vehicle maintenance testing activities, carry out vehicle tests, conduct vehicle tests, undertake vehicle tests, inspect and maintain vehicles"
comply with spirit taxation regulations,esco,"follow spirit taxation regulations, follow regulation of spirit taxation, conform with spirit taxation statutes, apply spirit taxation laws, apply spirit taxation rules, comply with spirit taxation regulation"
export regulations of dual-use goods,esco,"export regulating of dual-use goods, export legislation of dual-use goods, export regulation of dual-use goods, export statutes of dual-use goods, export rules of dual-use goods, export laws of dual-use goods"
develop professional network with researchers and scientists,esco,"cultivate a professional circle in academia, foster relationships with researchers and scientists, establish connections with researchers and scientists"
data quality assessment,esco,"data quality analysis, analyse data quality"
python (computer programming),esco,"python 3k, python"
business ict systems,esco,business it systems
prepare samples for testing,esco,"preparing samples for testing, taking test sample, sample preparation for testing, taking samples for testing, taking of samples for testing, preparation of test sample, preparation of test samples, sample taking for testing, take samples for testing, preparation of samples for testing, taking test samples, preparing of samples for testing"
national pesticide legislation,esco,"national legislation for pesticides, national pesticide laws, national pesticide regulations, national pesticide rules, national pesticides legislation"
liaise with politicians,esco,"connect with politicians, connect with political operators, work with politicians, work with political operators, collaborate with political operators, network with politicians, network with political operators, collaborate with politicians"
draw sketches to develop textile articles using softwares,esco,"draw sketches with softwares to develop textile articles, sketch textiles or wearing apparel using softwares, draw sketches to develop textiles or wearing apparel using softwares, use softwares to draw and develop textiles or wearing apparel, use softwares to draw and develop textile articles, sketch textile articles using softwares"
manage system testing,esco,"oversee testing of hardware, oversee testing of software"
competition law,esco,"laws of competition, competition legislation, competition statutes, competition rules, competition laws, competition regulation"
model microelectronics,esco,"microelectronics modelling, microelectronics simulating, modelling micro-electronics, model micro-electronics, simulate microelectronics, micro-electronics modelling, simulating microelectronics, simulating micro-electronics, micro-electronics simulating, modelling microelectronics, simulate micro-electronics"
collect healthcare user data under supervision,esco,"accumulate healthcare user data under supervision, aggregate healthcare user data under supervision, to gather together healthcare user data under supervision, collect healthcare user data with observation of experts, collect qualitative and quantitative healthcare user data under supervision, gather healthcare user data under supervision, collect healthcare user data with observation of medical experts"
handle touristic quantitative data,esco,"collect quantitative data from the tourist sector, handle tourist quantitative data, handle quantitative touristic data, gather numerical data regarding the tourist sector"
clinical coding,esco,"application of clinical codes, utilisation of clinical codes, clinical codification, use of classification codes to reflect clinical statements, use of clinical codes, matching of clinical statements with standard codes of illness and treatments, use of clinical codes to reflect medical statements, translation of medical statements into coded format, translation of clinical statements into coded format"
program firmware,esco,"program permanent software, programme firmware, programming firmware, permanent software programming, programme permanent software, firmware programming, programming permanent software"
office software,esco,"office operating system, office it software, office application, office programme, office soft-ware"
perform backups,esco,"backup data, backup ict system"
signal processing,esco,"digital signal processing, dsp, analogic transmission digital transmission"
canvas (learning management systems),esco,"canvas network, canvas e-learning tool, canvas e-learning platform, canvas platform, canvas"
reconstruct program theory,esco,"model program theory, develop theory of change, define program theory through key contextual understanding, formulate program theory"
present reports,esco,"present a report, prepare statistical reports, submit presentation"
have computer literacy,esco,"computer literacy, demonstrate computer literacy, be computer-literate, have good computer literacy"
unity (digital game creation systems),esco,"unity3d, unity, unity 4, unity 5"
regulations on substances,esco,"laws on substances, legislation on substances, regulation on a substance, regulations on a substance, rules on substances, regulation of substances, statutes on substances"
protect health and well-being while using digital technologies,esco,"safeguard health and well-being while using digital technologies, assure health and well-being while using digital technologies, ensure compliance with health and well-being practices while using digital technologies, ensure health and well-being protection while using digital technologies, secure health and well-being while using digital technologies"
model groundwater,esco,"groundwater characteristics analysis, analysis of groundwater characteristics, analysing of groundwater characteristics, modelling of groundwater flow, modelling groundwater, analysing groundwater characteristics, groundwater modelling, groundwater flow modelling, modelling of groundwater, modelling groundwater flow, analyse groundwater characteristics"
test printed circuit boards,esco,"circuit boards testing, testing printed circuit boards, circuit board testing, test circuit boards, printed circuit boards testing, printed circuit board testing, testing circuit boards"
joomla,esco,joomla software
test semiconductors,esco,"checking semi-conductors, checking semiconductors, check semi-conductors, test semi-conductors, semiconductor testing, semi-conductor checking, testing semiconductors, semiconductor checking, semi-conductor testing, testing semi-conductors"
design scale models,esco,"develop scale models, arrange scale models, scale model planning, design a scale model, plan scale models, designing scale models"
use functional programming,esco,apply functional programming principles
manage cloud data and storage,esco,"manage cloud data encryption, manage cloud data retention, cloud storage and data management, implement cloud data protection, create cloud data retention"
ict encryption,esco,"tls, symmetric-key algorithm, asymmetric cryptography, public-key cryptography, transport layer security, ssl, secure sockets layer"
detect rail track malfunctions,esco,"detect railway track malfunctions, recognise rail track defects, detect malfunctions in rail tracks, detect rail track flaws, detect flaws in railway tracks, recognise railway track defects, identify rail track defects, identify railway track defects, detect malfunctions in railway tracks, recognise faults in railway tracks, detect flaws in rail tracks, identify faults in railway tracks"
interpret automatic call distribution data,esco,"decipher automatic call distribution data, interpreting automatic call distribution data, interpret automatic calls distribution data, explain automatic call distribution data, automatic call distribution data interpretation, clarify automatic call distribution data, solve automatic call distribution data"
gdpr,esco,"eu data protection, knowledge of gdpr, general data protection regulation"
security regulations,esco,"security laws, security requirements, security standards, security regulation, security norms"
authoring software,esco,
adobe photoshop lightroom,esco,"adobe photoshop lightroom for 2d raster graphics generation, adobe photoshop lightroom graphical ict tool, adobe photoshop lightroom for 2d vector graphics creation, adobe photoshop lightroom for 2d raster generation, adobe photoshop lightroom for 2d vector graphics generation, adobe photoshop lightroom for digital editing"
test procedures,esco,"analysis procedures, evaluation procedures, check procedures, testing procedure, examination procedures, assessment procedures"
collaborate with designers,esco,"network with designers, collaborating with designers, collaborate with designer, cooperate with designers, work together with designers, team up with designers"
news analytics,esco,"news analyses, news analysis, headline analytics"
scratch (computer programming),esco,scratch
apply sport games rules,esco,"apply rules and laws during the sport competition, implement rules to sport competitions, apply sport rules to games, apply rules to sport games"
smart city features,esco,"advanced mobility functionalities for smart cities, big data technologies for smart cities, advanced mobility functionalities creation for smart cities, smart city characteristics, big data technologies for novel software ecosystems in smart cities"
lift safety legislation,esco,"safety legislation regarding lifts, local lift safety legislation, lift safety laws, local lift safety rules, local lift safety laws, lift safety rules, lift safety regulations, local lift safety regulations, local legislation, lift safety"
types of psychotherapy sessions,esco,"psychological therapies for groups, types of psychotherapy session, individual therapy sessions, group therapy sessions, forms of psychotherapy sessions, psychotherapy for individuals or families, types of psychological therapies, varieties of psychotherapy sessions, therapy sessions for families"
review patient's medical data,esco,"review patients' medical data, assess patient's medical data, review medical data of a patient, assess patients' medical data, assess relevant medical information"
commercial law,esco,"commerce law, commercial rule, commercial legislation, commercial laws, commercial statute, commercial regulation"
analyse data about clients,esco,"analyse clients interests, analyse customer interests, analyse guests interests, analyse data about visitors, analyze data about clients, analyse data on clients, analyse data about customers, undertake customer analysis, analyse data about guests, analyse client data"
tax legislation,esco,"tax laws, tax regulations, fiscal laws, fiscal statutes, fiscal regulations, tax rules, fiscal rules, tax statutes"
blockchain-based business models,esco,models for blockchain-based business
types of digital badges,esco,"open badges, digital credentials, micro-credentials, digital badges"
maintain database performance,esco,execute database maintenance
level crossing regulations,esco,"legal requirements governing operation of level crossings, railway crossing regulations, laws governing operation of level crossings, legal codes governing operation of level crossing, legal procedures for operation of level crossings, train crossing regulations, grade crossing regulations, regulations for level crossings, railroad crossing regulations, level crossing operating regulations"
ict network cable limitations,esco,"ict network wire limitations, ict network line limitations"
maintain landscape site,esco,"landscaping maintaining, maintaining landscape site, maintain landscaping, landscape site maintaining, maintaining landscaping, landscape sites maintaining"
transfer medical information,esco,"digitalise patient data, digitalize medical information, digitalise medical information, digitalize patient data, extract and enter medical information, relocate medical information"
maintain media integration equipment,esco,"repair media integration equipment, check media integration equipment, manage integrated media tools, maintain media integration software, repair media integration tools"
network standards,esco,"network protocols, network guidelines, network codes"
perform rail track inspections,esco,"inspect railway track, inspect rail track, perform inspections of railway tracks, perform rail network inspections, conduct railway track inspections, perform track inspections, perform inspections of rail track, inspect rail track to ensure functionality and safety, perform railway track inspections, implement railway track inspections, inspect railway track to ensure safety and functionality, conduct rail network inspections, perform railway network inspections"
video conferencing tool,esco,video conferencing software
create digital content,esco,"create content in digital form, edit digital content, produce digital content"
report anomalies in aircraft interiors,esco,"identify and communicate defects in aircraft interiors, report defects in aircraft interiors, ensure managers are made aware of defects in aircraft interiors, report anomalies in the aircraft, perform reporting activities for defects in aircraft interiors, report faults in aircraft interiors, identify and communicate problems with aircraft interiors, communicate interior faults in aircraft to managers, report flaws in aircraft interiors, report aircraft interior anomalies"
collect data using gps,esco,"gather data using gps devices, using gps to collect data, gather data using gps device, gathering gps field data, collecting of data using gps, use gps to collect data, collection of data using gps, gather gps field data, collecting data using gps, data collection using gps"
cad for garment manufacturing,esco,"cad wearing apparel for manufacturing, computer-aided design for garments manufacturing, computer-aided design for clothing manufacturing, computer-aided design for wearing apparel manufacturing, cad for clothing manufacturing, cad for garments, manufacturing of garments with cad"
work with healthcare users' social network,esco,"work with the healthcare users' family and friends, work with the healthcare users' social network, interact with healthcare users' social network, involve healthcare users' social network, work with the healthcare users' friends and family"
manage landscape design projects,esco,"manage design projects in landscaping, preparing landscape design projects, preparing design projects in landscaping, landscape design projects managing, managing design projects in landscaping, managing landscape design projects, prepare landscape design projects, landscape design projects preparing, prepare design projects in landscaping"
set up the controller of a machine,esco,"erect appliance and machine control systems, build the controller of a machine, set up the computer controller of a machine, install appliance and machine control systems, install the controller of a machine, assemble the controller of a machine, erect the controller of a machine, assemble appliance and machine control systems, build appliance and machine control systems"
test solid discharges from oil centrifuge,esco,"investigate solid discharges from oil centrifuge, testing solid discharges from oil centrifuge, test discharges from oil centrifuge that are solid, assess solid discharges from oil centrifuge, test solid discharges from oil centrifuges, analyse solid discharges from oil centrifuge, experiment solid discharges from oil centrifuge"
compile statistical data for insurance purposes,esco,"compose statistical data for insurance purposes, collect statistical data for insurance purposes, produce statistics for insurance purposes"
teradata database,esco,"teradata, teradata integrated data warehouse"
analyse network bandwidth requirements,esco,"analyze network bandwidth requirements, measure network bandwidth requirements, assess network bandwidth requirements"
collect financial data,esco,"collecting financial data, compile financial data, gather financial data, organise financial data, collect finance data"
program lift controller,esco,"configure lift controller, lift controller configuration, programming lift controller, configuring lift controller, lift controller programming, programming of lift controller, configuration of lift controller"
program home alarm systems,esco,"programming of home alarm systems, set up home alarm system, setting up of home alarm systems, home alarm system programming, programming home alarm systems, home alarm system set up, setting up home alarm systems, home alarm system setting up"
identify ict system weaknesses,esco,"identify cyber infrastructure vulnerabilities, identify vulnerabilities of a cyber infrastructure"
types of music therapies,esco,"forms of music therapy, types of music therapy, classification of music therapy types"
use mathematical tools and equipment,esco,"able to use using mathematical tools and equipment, use calculator, apply mathematical tools and equipment, use spreadsheets, utilise mathematical tools and equipment, apply mathematics, make use of mathematical tools and equipment, apply mathematics rules, use math tools and equipment, use pocket calculator, use mathematical software, practice mathematics, applying mathematics, use mathematical equipment and tools, administer mathematics, implement mathematics, exercise mathematics"
materials for interior design,esco,"materials for an interior design, development for interior design, material for interior designs, arrangement for interior design, material for an interior design, models for interior design"
test raw minerals,esco,"testing of raw minerals, sampling raw minerals, testing raw minerals, raw minerals sampling, checking raw minerals, raw minerals testing, raw minerals checking, checking of raw minerals"
build contacts to maintain news flow,esco,"building contacts to maintain news flow, correspond with new contacts to maintain news flow, maintain news flow by building contacts, network with new contacts to maintain news flow"
agile development,esco,"agile development environment, agile software development practices, agile frameworks, agile software environment, agile development framework, agile software development methods, agile software development, agile scrum development framework"
test beauty products,esco,"beauty product checking, testing beauty products, checking beauty products, beauty product testing, beauty products checking, beauty products testing, check beauty products"
vbscript,esco,"vbscript for web-based scripting, vbscript programming paradigms, vbscript coding techniques, vbscript scripting techniques, vbscript algorithms"
pack fragile items for transportation,esco,"fragile items preparing for transportation, preparing fragile items for transportation, fragile item preparing for transportation, fragile items packing for transportation, packing fragile items for transportation, fragile item packing for transportation, prepare fragile items for transportation"
test computer hardware,esco,"testing of computer hardware, testing computer components, computer components testing, test computer hardware system, computer components system testing, testing of computer components, testing computer components system, computer hardware testing, testing computer hardware system, testing computer hardware, test computer components system, computer hardware system testing"
apply systemic therapy,esco,"apply systemic therapies, carry out systemic therapy, use a systemic therapy approach, conduct systemic therapy, apply a systemic therapeutical approach"
computer technology,esco,"ict, information technology, it, technology in computing, information and communications technology, technology of computers, technology in computers, technology in computer networks"
software interaction design,esco,interaction design
penetration testing tool,esco,"i.c.u.mvs, cops, ca-examine, ip360 vulnerability management system, s10scan, metasploit, pansec, quickinspector, nfsbug, ntellect, pmutil, chkpwd, gamascan, sfprotect mobile, hobgoblin, vam, sam system scanner, trojan, cisco secure scanner, burpsuite, sfprotect server, hackershield, penetration testing software, sam internet scanner, nmap, output of a penetration test, phonesweep, ntcrack, webinspect"
oracle relational database,esco,"rdb, oracle rdb"
supervise speech and language team,esco,"supervise speech and language students and assistants, mentor speech and language teams, supervise a speech- and language-team, monitor newly qualified speech therapists, supervise speech and language teams, supervise newly qualified language therapists"
press law,esco,"press legislation, press standards, press regulations, press statues, press laws, press norms"
cobol,esco,"cobol programming language, cobol, cobol applications, cobol software"
edit photographs,esco,"edit photos and negatives, edit photos, editing photographs, use photo editing software"
maintain control systems for automated equipment,esco,"maintain controlling systems for automated equipment, repair control systems for automated equipment, check control systems for automated equipment, maintain systems to control automated equipment, update software for electronic equipment"
protect ict devices,esco,"cloudmark desktopone pro, up-date online security measures, avs firewall, cleanmail home, mailwasher pro, matrix systems access control, kingsoft antivirus, zone alarm firewall, agnitum outpost firewall, tyco integrated security managed access control, norton security deluxe, addtech controls, use anti-virus software, protect information and communication technologies devices, avg anti-virus, identicard systems premisys, keep ict devices safe, implement spam-ware, implement private ict user security measures, honeywell managed access control, set up passwords and private settings, protect personal data, mcafee antivirus, spamfighter, adt access control, bitdefender antivirus, kaspersky anti-virus, take care of ict devices, protect ict device, safeguard ict devices, eset nod32 antivirus"
conduct radiotherapy computer planning,esco,"use radiotherapy computer-planning, use radiotherapy computer planning, carry out radiotherapy computer planning, use radiography computer-planning, use radiography computer planning, conduct radiotherapy ct planning, conduct radiotherapy ct simulations"
model sets,esco,"construct a set, model a set, build a set"
metal bending techniques,esco,"sheet metal bending approaches, metal bending approaches, sheet metal shaping, sheet metal bending techniques, approaches used to bend sheet metal, methods used to shape sheet metal, sheet metal bending methods, techniques used to bend sheet metal, shaping of sheet metal, metal bending methods"
provide information on geological characteristics,esco,"information provision on geological characteristics, providing of information on geological characteristics, create geological model, geological model creation, creating geological model, creating of geological model, providing information on geological characteristics, provision of information on geological characteristics, geological characteristics information provision, creation of geological model"
analyse gambling data,esco,"analyse data on gambles, analyze gambling data, analyse lottery data, analyse betting data, analyse data on gambling"
maintain warehouse database,esco,"ensure warehouse database is updated, ensure that database used in warehouse is up-to-date, ensure warehouse database is up-to-date, maintain up-to-date warehouse database, keep up-to date warehouse database, keep warehouse database up-to-date, keep warehouse database, update information in warehouse database, ensure updating of warehouse database, update warehouse database"
evaluate genetic data,esco,"apply statistical calculations to genetic data, analyse genetic data, analyze genetic data"
oversee wetlands in project development,esco,"monitor wetlands in project development, organize wetlands in project development, overseeing wetlands in project development, overseeing of wetlands in project development, supervise wetlands in project development, manage wetlands in project development"
copyright legislation,esco,"copyrighting legislation, laws protecting rights of original authors"
implement landscaping projects,esco,"landscape projects implementing, assist landscape projects, landscape project assisting, landscape projects assisting, landscape project implementing, implement landscape projects, assisting landscape projects, implementing landscape projects"
connect blasting circuit,esco,"connecting blasting circuit, blasting circuit connection, connecting of blasting circuit, inspecting blasting circuit, inspect and test blasting circuit, blasting circuit connecting, connection of blasting circuit, inspect blasting circuit, test blasting circuit, inspecting and testing blasting circuit, testing blasting circuit"
develop predictive models,esco,"developing models, develop a model, establish models, produce models, develop models, developing a model, launch models, evaluate models"
compare survey computations,esco,"comparing data with standards, survey computations comparison, check data for accuracy, compare data with standards, comparing survey computations, comparing of survey computations, verifying data, verify data, checking data for accuracy, survey computation comparison, comparison of survey computations"
product data management,esco,"monitor product data, supervise product data, coordinate product data, manage product data, management of product data, oversee product data"
statistical quality control,esco,"statistical sampling for quality assurance, statistical sampling for quality control, quality control through statistics, quality control using statistics, statistics for quality control, quality checks, quality checking"
instructional design models,esco,instructional design methods
design ventilation network,esco,"design of ventilation network, designing ventilation network, engineer ventilation network, ventilation network design, planning of ventilation network, design and analysis of ventilation network, design and analyse ventilation network, planning ventilation network, designing and analysing ventilation network, plan ventilation network"
collect biological data,esco,"analyse biological data, biological data collecting, collecting biological data, analyse biological records, collect biological records, collecting biological records, analysing biological data, analysing biological records, biological data analysing"
prepare well data sheets,esco,"preparing well data sheets, well data sheet preparing, compile well data sheets, well data sheet compilation, compilation of well data sheets, preparation of well data sheets, preparing of well data sheets, well data sheet preparation"
"browse, search and filter data, information and digital content",esco,"search, browse, and filter information and digital content"
principles of artificial intelligence,esco,"artificial intelligence in process, principles of ai"
investigate contamination,esco,"test for contamination, contamination testing, testing for contamination, investigating contamination, contamination checking, checking for contamination, check for contamination, contamination investigating"
sas data management,esco,sas data management software
implement a firewall,esco,"installing a network security firewall, install a network security firewall, implementing network firewall, install a firewall, implementing a firewall, firewall implementing, implement network firewall, network firewall implementing, installing a firewall"
manage keys for data protection,esco,manage data protection keys
software components suppliers,esco,suppliers of software components
monitor patients during clinical tests,esco,"lead a study for medication testing, lead a clinical pharmacological study, lead a clinical pharmacology study, lead clinical study on drug action, lead clinical pharmacology studies"
manage guest support services,esco,"offer customer support, provide excellence in customer service, manage support services for guests, manage guests' support services"
use photodynamic therapy for cancer,esco,"execute photodynamic therapy, apply photodynamic therapy for cancer, apply ptd, use ptd for cancer treatment, use photodynamic therapy for cancer, use photodynamic therapies"
perform water testing procedures,esco,"performing of water testing procedures, testing ph of water, water ph tests, testing water, water ph testing, water testing, water testing procedures performance, performance of water testing procedures, test water, performing water testing procedures"
render 3d images,esco,"convert 3d wire frame models into 2d images, employ specialised tools to render 3d images, use 3d non-photorealistic effects to render 3d images, use 3d photorealistic effects to render 3d images, use computer tools to render 3d images"
marklogic,esco,"marklogic nosql database, marklogic non-relational database"
pascal (computer programming),esco,pascal
maxillofacial surgery,esco,"surgical interventions to treat injuries of the face and jaws, maxillo-facial surgery, maxillofacial surgeries"
data ethics,esco,principles of data ethics
carry out chimney pressure testing,esco,"check chimney pressure, carry out chimney pressure tests, carrying out chimney pressure testing, test chimney pressure, carry out testing of chimney pressure, perform chimney pressure testing"
use pattern-cutting softwares,esco,"pattern-cutting software utilization, utilise pattern-cutting softwares, employ pattern-cutting softwares, pattern-cutting software utilisation, pattern-cutting softwares usage, use softwares for pattern-cutting, utilize pattern-cutting softwares"
interpret seismic data,esco,"analysing seismic data, analyse seismic data, interpreting of seismic data, interpreting seismic data, analysis of seismic data, seismic data interpretation, analysing of seismic data, seismic data analysis, interpretation of seismic data"
recognise signs of wood rot,esco,"recognition of signs of wood rot, signs of wood rot recognition, testing for wood rot, checking for wood rot, check for wood rot, test for wood rot, recognising signs of wood rot, recognize signs of wood rot"
execute integration testing,esco,test interface between software components
test oxygen purity,esco,"oxygen purity checking, checking oxygen purity, check oxygen purity, oxygen purity testing, testing oxygen purity"
abap,esco,"abap programming techniques, abap software development, abap programming techniques, abap software techniques"
conduct textile testing operations,esco,"conduct tests on textiles, conduct tests on textile, test textiles, perform tests on textiles, test textile, perform tests on textile, carry out textile testing operations, conduct operations for textile testing"
replicate customer software issues,esco,"simulate customer software problems, analyse customer software problems, replicate customer software problems, simulate customer software issues, analyse customer software issues"
test concrete,esco,"concrete checking, check concrete, testing concrete, concrete testing, checking concrete"
maintain database security,esco,keep database security
law of obligation,esco,"law of obligations, statute of obligation, laws of obligation, rule of obligation, legislation of obligation, regulation of obligation, laws of obligations"
use translation memory software,esco,"operate translation memory software, translation memory software use, employ translation memory software, using translation memory software, apply translation memory software"
deep learning,esco,"deep neural networking, deep learning methods, deep learning principles"
access to documents regulations,esco,"public access to documents principles, regulatory framework of documents accessibility, document accessibility regulation, public access to documents policies, legislative framework on access to documents"
create sculpture prototype,esco,"create sculpted porotypes, create prototypes of sculpture, construct sculpted objects, create sculpture models"
tend agitation machine,esco,"tend an agitation machine, tend agitation machines, mind agitation machines, look after agitation machines, watch agitation machines, take care of agitation machines"
data science,esco,"data science process, science of data"
analog electronics theory,esco,"analog electronics theoretical framework, analog electronics principles, analog electronics basics, analogue circuits theory, analog electronic circuits theory"
quantitative sensory testing,esco,"principles of methods of quantitative sensory testing, quantitative sensory measurement, paradigm of quantitative sensory testing, quantitative sensory examination, method of quantitative sensory testing"
apply control process statistical methods,esco,"apply a control process statistical methodology, apply control process statistical methodology, apply control processing statistical method, utilise control process statistical methods, administer control process statistical methods, employ control process statistical methods, implement control process statistical methods"
develop animations,esco,"design animations, develop animated models, design graphics and animation, developing animations, develop an animation"
district heating and cooling,esco,"district energy, district heating and cooling systems, district heating and cooling networks, district energy networks, heat networks"
collect client fitness information,esco,"collect client information on fitness, compile records of with clients' fitness data, gather clients' personal fitness details, collect information from fitness clients"
decode handwritten texts,esco,"decoding handwritten texts, decode hand-written texts, understand handwritten texts, decode texts written by hand, interpret handwritten texts"
inspect rail flaws,esco,"monitor rail conditions, monitor condition of rails, rail condition monitoring, inspecting rails from track inspection vehicle, using sensors to check condition of rails, inspect rails from track inspection vehicle, monitoring rail conditions, use sensors to check condition of rails, inspecting rail from track inspection vehicle, inspection of rails from track inspection vehicle, inspection of rail from track inspection vehicle, inspect rail from track inspection vehicle"
medical device regulations,esco,"regulations regarding medical devices, rules covering medical devices, national medical device regulations, international medical device regulations, legislation covering medical devices, regulations controlling medical devices, regulations concerning medical devices, laws covering medical devices"
check for defects in railcars,esco,"check for defects in freight cars, inspect freight cars for safety faults, examine freight cars for safety defects, look for safety defects in railcars, check railcars for safety defects, check for railcar defects, look for defects in railcars, scrutinise freight cars for safety flaws, look for railcar defects, inspect freight cars for faults, examine freight cars for defects"
test railway signalling equipment,esco,"conduct railway signalling equipment tests, carry out rail signalling equipment testing activities, test railroad signalling equipment, test signalling equipment utilised in railways, test signalling equipment used in railways, perform railway signalling equipment testing activities, test rail signalling equipment, perform railway signalling equipment tests, test railway signaling equipment, ensure railway signalling equipment is functioning as required, test signalling equipment used in railroads"
types of stamping press,esco,"brands of reduction press, brands of stamping press, categories of stamping press, makes of reduction press, reduction press models, stamping press models, categories of reduction press, makes of stamping press"
nexpose,esco,rapid7 nexpose
work independently in landscaping,esco,"working unsupervised in landscaping, work unsupervised in landscaping, working in landscaping unsupervised, independently work in landscaping, working in landscaping independently, work in landscaping independently, work in landscaping unsupervised, independently working in landscaping, unsupervised working in landscaping, working independently in landscaping, unsupervised work in landscaping"
perform clinical coding procedures,esco,"perform clinical coding, conduct clinical coding procedures, record patient illnesses and treatments using clinical codes, conduct clinical coding processes, carry out clinical coding procedures, match patient illnesses and treatments to appropriate clinical codes, use clinical codes to classify patient illnesses and treatments, carry out clinical coding processes, classify patient illnesses and treatments using clinical codes, perform clinical coding processes, record information on patient condition using clinical codes"
test production input materials,esco,"check production input materials, production input material testing, production input materials testing, production input material checking, production input materials checking, testing production input materials, checking production input materials"
security of assets legislation,esco,"assets legislation security, security of asset legislation, security of holdings legislation, security of holdings rules, security of holdings laws"
devops,esco,"devops development, devops based software development, devops methodology"
instruct library users in digital literacy,esco,"teach library users, instructing library users, instruct library users, train library users"
shape organisational teams based on competencies,esco,"shape organisational team based on competencies, shape competency-based organisational teams, put organisational teams together based on competencies, shaping organisational teams based on competencies, shape organisational teams based on competency, form organisational teams based on competencies, shape organizational teams based on competencies"
provide information on train routes,esco,"advice on train network, provide information on train lines, explain rail network, answer questions on train routes, inform customers about rail routes"
shape clay,esco,"clay shaping, work clay, shaping clay, clay working, working clay"
perform routine lube oil tests,esco,"analyse lubrication oils in engineering systems, perform routine lubrication oil tests, perform routine lube oil testing, assess lubrication oils in engineering systems, conduct routine lubrication oil tests, test lubrication in engineering systems, perform routine lubrication oil testing, test lubrication oils in engineering systems, conduct routine lube oil tests"
use cad for lasts,esco,"use cad for lasts in the footwear industry, operate cad software for lasts, operate cad software for lasts in the footwear industry, use cad for footwear lasts, operate cad software for footwear lasts, use computer-aided design for lasts, use cad software for lasts"
explain characteristics of computer peripheral equipment,esco,"disclose characteristics of computer peripheral equipment, demonstrate characteristics of computer peripheral equipment, explain the characteristics of computer peripheral equipment, clarify characteristics of computer peripheral equipment, describe characteristics of computer peripheral equipment, explaining the characteristics of computer peripheral equipment, explaining characteristics of computer peripheral equipment"
analyse software specifications,esco,"assess software specifications, examine software requirements, assess software systems, evaluate software design specification, analyse software or system specifications"
thc hydra,esco,"hydra, hydra parallelized network login tool"
process data,esco,"data processing, analyse data, processing of data, handle data, measure data, convert data, processing data, refine data"
conduct chemical testing on basic metals,esco,"examine metals, conduct of chemical tests on basic metals, test metals, examining metals, conducting of chemical testing on basic metals, conducting chemical testing on basic metals, tests on metals, testing metals, conduct of chemical testing on basic metals"
zoo exhibit design,esco,"zoo exhibits design, zoo exhibit model, zoo exhibit designs, zoo exhibit plan"
omnipage,esco,"omnipage ocr program for scanned documents, omnipage software for images conversion, omnipage ocr software, omnipage computer program for printed images conversion, omnipage software, omnipage computer program, omnipage for text recognition from images"
supervise data entry,esco,"supervision of data entry, monitor data entry, oversee data entry, manage data entry, supervising data entry, data entry supervision, watch over data entry"
national road network,esco,"national road transportation network, national road transportation system, national road transport network, public road transport network at national level, national road system, public road network at national level, public road transportation system at national level, public road system at national level"
types of containers,esco,"models of transportable crates, container varieties, brands of containers, brands of transportable crates, container formats, models of containers"
use milk control software,esco,"milk control software operating, operating software for milk control, use software for milk control, operate milk control software, operating milk control software, operate software for milk control, using milk control software, using software for milk control, milk control software using"
apply digital security measures,esco,"up-date online security measures, use anti-virus software, protect personal data, protect ict devices, remove viruses and malware from a computer, implement digital security measures, protect digital devices"
calculate exposure to radiation,esco,"calculate radiation exposure, calculate radiation-exposure, calculate radiation data"
test lift operation,esco,"functional test of lift, lift operation testing, checking lift functions, check lift functions, testing of lift functions, operational testing of lift, lift function, lift testing operations, test lift is operational, testing lift operation, testing of lift operation"
jenkins (tools for software configuration management),esco,"jenkins continuous integration server, jenkins, jenkins ci"
perform ict security testing,esco,prepare and apply security test plans
in-circuit test,esco,"ict, check manufacture of printed circuit boards, in-circuit testing, testing in-circuit, fixtureless in-circuit test, assess printed circuit boards, check manufacture of pcbs, fict, assess pcbs"
work to develop physical ability to perform at the highest level in sport,esco,"strive to achieve highest levels in sports, work to perform at the highest level in sport, develop physical strength to excel in sports, develop physical ability to perform at the highest level in sport"
digital content creation,esco,"content-creation with ict program, content created by ict software, ict software content-creation, content-creation with ict softwares, content creation with ict software"
approve engineering design,esco,"develop engineering design, model engineering design, approve an engineering design, arrange engineering design, produce engineering design, approve engineering designs, approving an engineering design"
maintain ict server,esco,"diagnose server hardware faults, repair hardware faults"
operate 3d computer graphics software,esco,use 3d visualization and processing software
public housing legislation,esco,"public housing laws, council and social housing rules, council and social housing laws, public housing rules, public housing regulations, council and social housing regulations"
tend cnc engraving machine,esco,"oversee cnc engraving machine, take care of cnc engraving machine, watch over cnc engraving machine, guard cnc engraving machine, guard computer controlled etching machinery, oversee computer controlled etching machinery, watch over computer controlled etching machinery, take care of computer controlled etching machinery"
apply credit stress testing methodologies,esco,"applying credit stress testing methodologies, utilise credit stress testing methodologies, employ credit stress testing methodologies, administer credit stress testing methodologies, implement credit stress testing methodologies, application of credit stress testing methodologies, apply a credit stress testing methodology"
use it tools,esco,"employ it tools, use information and communication technology tools, utilise information technology tools, use information and communication technology, use ict tools, employ information technology tools, utilize it tools, employ ict tools, utilize information technology tools, use information technology tools, employ information and communication technology tools, use information technology, utilise it tools"
ict network simulation,esco,"ict network simulation tools, ict network simulation methods, ict network simulation systems"
newsletter analysis,esco,"newsletter analytics, newsletter’s analysis, newsletter analyses"
use microsoft office,esco,"utilise microsoft office applications, use ms excel, possess proficiency in ms office, be a proficient microsoft office user, utilise microsoft office software, have proficiency in ms office, have proficiency in microsoft office, possess proficiency in microsoft office, be a proficient ms office user, utilise microsoft office programmes, utilise microsoft office, use microsoft office applications, use ms powerpoint, use ms office, use microsoft office programmes, use ms word, use microsoft office software"
keep up-to-date with regulations,esco,"keep up-to-date with ordinances, keep up-to-date with statutes, keep up-to-date with any regulations, keep up-to-date with laws, keep up-to-date with regulation, keep up-to-date with rules"
empirical analysis,esco,empirical data analysis
maintain physiotherapy equipment,esco,"ensure maintenance of physiotherapy equipment, maintain physiotherapist's equipment, maintain physiotherapists' equipment, maintain physio-therapy equipment, maintain equipment for physiotherapy, maintain physiotherapy tools, maintain equipment for physio-therapy"
types of forging press,esco,"categories of hydraulic forge stamp, hydraulic forge stamp formats, models of hydraulic forge stamp, brands of hydraulic forge stamp, brands of forging press, forging press formats, categories of forging press, models of forging press"
interpret data in food manufacturing,esco,"decipher data in food manufacturing, understand data in food manufacturing, explain data in food manufacturing, interpret the data in food manufacturing, interpret data in food manufacture, clarify data in food manufacturing"
expand the network of providers,esco,"expand providers' network, broaden network providers' services, extend network of providers"
build a strategic marketing plan for destination management,esco,"create a strategic marketing business plan, build a marketing strategy plan for destination management, build a strategic marketing plan to manage destinations, create a business framework for a tourist destination"
model mineral deposits,esco,"develop geological model, development of geological model, mineral deposit modelling, geological model development, mineral deposits modelling, developing geological model, modelling mineral deposits, modelling of mineral deposits, developing of geological model"
define software architecture,esco,"define programme architecture, define application architecture"
check request legitimacy,esco,"confirm check request legitimacy, check request's legitimacy, check legitimacy of request, checking request legitimacy, verify check request legitimacy, make sure check request is legitimate"
model electrical system,esco,"electrical system modelling, modelling an electrical system, simulate electrical system, electrical system simulating, electrical systems simulating, modelling electrical system, simulating electrical system, electrical systems modelling"
synthetic natural environment,esco,"simulation of natural environment, virtual world of natural environment, simulation of physical world, sne, virtual reality of natural environment, synthetic environment of nature, synthetic natural environment model, natural environment simulation"
ensure accuracy of aeronautical data,esco,"undertake aeronautical data quality assurance activities, carry out aeronautical data quality assurance, conduct activities to ensure the accuracy of published aeronautical information, ensure precision of aeronautical data, ensure precision of aeronautical information, ensure veracity of aeronautical information, ensure veracity of aeronautical data, perform activities to assure the accuracy of published aeronautical information, ensure accuracy of aeronautical information, perform aeronautical data quality assurance activities"
sap data services,esco,"sap, sap analytics cloud"
develop data processing applications,esco,"build data processing applications, design data processing applications, design data processing software, develop data processing software, create data processing applications"
ict networking hardware,esco,"ict networking devices, computer networking devices"
carry out flow cytometry,esco,"interpret data from flow cytometry, perform flow cytometry, use flow cytometry technology, carry out flow-cytometry"
manage digital archives,esco,"maintain digital archives, manage digital archive, oversee digital archives, managing digital archives"
building information modelling,esco,"bim, building information modelling, bim"
ict process quality models,esco,"quality maturity models, cmmi (capability maturity model integrated), software process quality, cmm"
manage transport of goods from warehouse facilities,esco,"manage warehouse commodities, transport products from warehouse facilities, transport goods from warehouse facilities, define warehouse transportation networks for goods, deal with goods transported from warehouses, handle commodities transported from warehouse facilities, manage warehouse goods, manage materials transported from warehouse facilities"
software metrics,esco,software measurement metrics
health informatics,esco,"use of health information technology, science of healthcare informatics, science of health informatics, field of healthcare informatics, field of health information technology, field of health informatics, application of health information technology"
draw up artistic programming policy,esco,"formulate artistic programming policy, draw up artistic programming policies, produce artistic programming policy, develop artistic programming policy, drawing up artistic programming policy, create artistic programming policy"
create data models,esco,manage data models
strive for excellence in musical performance,esco,"strive for musical performance excellence, strive for virtuosity in musical performance, striving for excellence in musical performance, try hard to achieve a standard of excellence in musical performance"
develop an artistic network,esco,"develop artistic networking, create a musical network, developing an artistic network, develop public relations"
types of planing cutters,esco,"variety of carbide tipped blades, brands of carbide tipped blades, planing cutter models, categories of planing cutters, brands of planing cutters, variety of planing cutters, categories of carbide tipped blades"
types of drill press oils,esco,"drill press oils varieties, brands of drill press oils, brands of boring lubricants, categories of boring lubricants, models of boring lubricants, models of drill press oils, categories of drill press oils, boring lubricants varieties"
cybernetics,esco,"science of control and communication, first order cybernetics, science of cybernetics, control of system using technology, theories of cybernetics, field of cybernetics, second order cybernetics, study of control and communication"
use special hearing equipment for tests,esco,"determine patient's hearing disorders using special equipment, test for hearing disorders using special equipment, use audiometers and computers for tests, use special hearing equipment for a test, use special hearing equipment in tests"
collect cyber defence data,esco,"collect cyber defence intelligence, gather cyber defence intelligence, gather cyber defence data, collect data for cyber defence through online trade records, collect data for cyber defence through dns request logs"
numerical sequences,esco,"a numerical sequence, numerical sequence, numerical sequencing, sequence of digits, digital sequence"
implement data warehousing techniques,esco,implement data warehousing solutions
manage ict semantic integration,esco,"coordinate ict semantic integration, oversee ict semantic integration, handle ict semantic integration, manage ict semantic database integration, manage ict semantic integration processes"
use agricultural information systems and databases,esco,"operating agricultural databases, use agricultural information systems, operate agricultural databases, operate agricultural information systems and databases, use agricultural databases, operate agricultural information systems, operating agricultural information systems, operating agricultural information systems and databases, using agricultural databases, using agricultural information systems, using agricultural information systems and databases"
use personal organization software,esco,"workstraight, wunderlist, hitask, yahoo! calendar, emplotime, trackersuite.net, iplan, toggl, freshbooks, use digital to-do list, todoist, harvest, mozilla sunbird, empire suite software, art plus epix wallpaper calendar, timedoctor, omnifocus, pmprojectteam, use software for personal organization, rainlendar lite, zoho calendar, chronforce, osmo calendar, aceproject, make use of personal organization software, use software for personal organisation, toodledo, zoho projects, mavenlink, interactive calendar, vueminder calendar lite, im time calendar, tasktome, trello, outlook time, clarizen, time@work, using personal organisation software, ticktick, use digital calendar, utilise personal organization software, apply personal organization software, use digital time tracking, able to use using personal organization software, any.do"
identify ict security risks,esco,"identify ict security risks and threats, model ict threats"
design electronic systems,esco,"electronic system designing, electronic system modelling, electronic systems model, electronic systems designing, electronic systems modelling, electronic systems design, modelling electronic systems, model electronic systems, designing electronic systems"
play therapy,esco,"play therapies, play-therapy, counselling using play to communicate, play therapy techniques, counseling using play to communicate"
data models,esco,data modelling
media and information literacy,esco,"digital literacy, digital information literacy, digital media literacy, literacy of digital media aspects, media content literacy"
provide therapy of the visual system,esco,"provide therapies of the visual system, provide vision therapy, apply suitable treatment methods to visual system, offer vision therapy"
perform software recovery testing,esco,perform software crash and recovery testing
perform energy simulations,esco,"run energy simulations, conduct energy simulations, run energy assessments models, carry out energy simulations, carry out energy analyses"
capture one,esco,"capture one computer programme, capture one software"
model sensor,esco,"simulating sensor, modelling sensor, sensor modelling, sensor simulating, simulate sensor"
scala,esco,scala programming language
test soil load bearing capacity,esco,"soil load bearing capacity assessment, assess load-bearing capacity of soil, assessment of load-bearing capacity of soil, establish load-bearing capacity of soil, test load-bearing capacity of soil, test soil for load-bearing capacity, test soil's load-bearing capacity, testing soil load-bearing capacity"
natural language processing,esco,nlp
